"Index","LNP_ID","Experiment_ID","Formulation_ID","IL_name_x","IL_SMILES","IL_protonated_SMILES","IL_head_name","IL_head_SMILES","IL_linker_name","IL_linker_SMILES","IL_tail1_name","IL_tail1_SMILES","IL_tail2_name","IL_tail2_SMILES","IL_tail3_name","IL_tail3_SMILES","IL_tail4_name","IL_tail4_SMILES","IL_molratio_x","IL_to_nucleicacid_massratio","IL_to_nucleicacid_chargeratio","HL_name_x","HL_SMILES","HL_molratio_x","CHL_name_x","CHL_SMILES","CHL_molratio_x","PEG_name_x","PEG_SMILES","PEG_molratio_x","fifthcomponent_name","fifthcomponent_SMILES","fifthcomponent_molratio","Aqueous_buffer","Dialysis_buffer","Mixing_method","Model","Model_type","Model_target","Route_of_administration","Cargo","Cargo_type","Dose_ug_nucleicacid","Experiment_method","Experiment_batching","Experiment_value","Publication_link","Publication_PMID","Heavy.Atoms","Rings","Aromatic.Rings","Rotatable.Bonds","van.der.Waals.Molecular.Volume","Topological.Polar.Surface.Area","Hydrogen.Bond.Donors","Hydrogen.Bond.Acceptors","LogP","Molar.Refractivity","Fraction.sp3.Carbons","sp3.Carbons","Nitrogen.Count","Molecular.Weight","has_ester","has_carbonate","has_disulfide","0","1","2","lnpdb_row_id","IL_name_y","HL_name_y","CHL_name_y","PEG_name_y","IL_molratio_y","HL_molratio_y","CHL_molratio_y","PEG_molratio_y","count_lnpdb","matched_id"
13027,"LNP_0013027","LX_2024","LX_2024_F6","1-A2-8","CCCCCCCCC(=O)Oc1cc(CNCCN(C)CCNCc2cc(OC(=O)CCCCCCCC)cc(OC(=O)CCCCCCCC)c2)cc(OC(=O)CCCCCCCC)c1","CCCCCCCCC(=O)Oc1cc(CNCC[N+](C)(CCNCc2cc(OC(=O)CCCCCCCC)cc(OC(=O)CCCCCCCC)c2)[H])cc(OC(=O)CCCCCCCC)c1",1,"CN(CCN)CCN",,,"A2_T8","CCCCCCCCC(=O)OC1=CC(=CC(=C1)OC(=O)CCCCCCCC)C=O",,,,,,,35,10,,"DOPE","[H][C@@](COP([O-])(OCC[NH3+])=O)(OC(CCCCCCC/C=C\\CCCCCCCC)=O)COC(CCCCCCC/C=C\\CCCCCCCC)=O",16,"Cholesterol","C[C@H](CCCC(C)C)[C@H]1CC[C@@H]2[C@@]1(CC[C@H]3[C@H]2CC=C4[C@@]3(CC[C@@H](C4)O)C)C",46.5,"PEG2000","CCCCCCCCCCCCCC(=O)OCC(COP(=O)(OCCNCC(=O)OCCOCCOCCOCCOCCOCCOCCOCCOCCOCCOCCOCCOCCOCCOCCOCCOCCOCCOCCOCCOCCOCCOCCOCCOCCOCCOCCOCCOCCOCCOCCOCCOCCOCCOCCOCCOCCOCCOCCOCCOCCOCCOCCOC)O)OC(=O)CCCCCCCCCCCCC",2.5,,,0,"citrate",,"handmixed","in_vitro","HeLa","in_vitro","in_vitro","mRNA","FLuc",0.01,"luminescence_normalized","individual",-0.328714114,"https://www.nature.com/articles/s41467-024-45422-9",38424061,66,2,2,42,921.6806169,132.5,2,11,13.1218,268.3064,0.709090909,0,3,922.346,"True","False","False","1","A2","T8","Row5","1-A2-8","DOPE","Cholesterol","PEG2000",35,16,46.5,2.5,1,"Row5"
13029,"LNP_0013029","LX_2024","LX_2024_F8","1-A2-9","CCCCCCCCCC(=O)Oc1cc(CNCCN(C)CCNCc2cc(OC(=O)CCCCCCCCC)cc(OC(=O)CCCCCCCCC)c2)cc(OC(=O)CCCCCCCCC)c1","CCCCCCCCCC(=O)Oc1cc(CNCC[N+](C)(CCNCc2cc(OC(=O)CCCCCCCCC)cc(OC(=O)CCCCCCCCC)c2)[H])cc(OC(=O)CCCCCCCCC)c1",1,"CN(CCN)CCN",,,"A2_T9","CCCCCCCCCC(=O)OC1=CC(C=O)=CC(OC(=O)CCCCCCCCC)=C1",,,,,,,35,10,,"DOPE","[H][C@@](COP([O-])(OCC[NH3+])=O)(OC(CCCCCCC/C=C\\CCCCCCCC)=O)COC(CCCCCCC/C=C\\CCCCCCCC)=O",16,"Cholesterol","C[C@H](CCCC(C)C)[C@H]1CC[C@@H]2[C@@]1(CC[C@H]3[C@H]2CC=C4[C@@]3(CC[C@@H](C4)O)C)C",46.5,"PEG2000","CCCCCCCCCCCCCC(=O)OCC(COP(=O)(OCCNCC(=O)OCCOCCOCCOCCOCCOCCOCCOCCOCCOCCOCCOCCOCCOCCOCCOCCOCCOCCOCCOCCOCCOCCOCCOCCOCCOCCOCCOCCOCCOCCOCCOCCOCCOCCOCCOCCOCCOCCOCCOCCOCCOCCOCCOC)O)OC(=O)CCCCCCCCCCCCC",2.5,,,0,"citrate",,"handmixed","in_vitro","HeLa","in_vitro","in_vitro","mRNA","FLuc",0.01,"luminescence_normalized","individual",-0.636091327,"https://www.nature.com/articles/s41467-024-45422-9",38424061,70,2,2,46,977.7432171,132.5,2,11,14.6822,286.7744,0.728813559,0,3,978.454,"True","False","False","1","A2","T9","Row7","1-A2-9","DOPE","Cholesterol","PEG2000",35,16,46.5,2.5,1,"Row7"
13037,"LNP_0013037","LX_2024","LX_2024_F16","2-A2-6","CCCCCCC(=O)Oc1cc(CNCCCN(C)CCCNCc2cc(OC(=O)CCCCCC)cc(OC(=O)CCCCCC)c2)cc(OC(=O)CCCCCC)c1","CCCCCCC(=O)Oc1cc(CNCCC[N+](C)(CCCNCc2cc(OC(=O)CCCCCC)cc(OC(=O)CCCCCC)c2)[H])cc(OC(=O)CCCCCC)c1",2,"CN(CCCN)CCCN",,,"A2_T6","CCCCCCC(=O)OC1=CC(C=O)=CC(OC(=O)CCCCCC)=C1",,,,,,,35,10,,"DOPE","[H][C@@](COP([O-])(OCC[NH3+])=O)(OC(CCCCCCC/C=C\\CCCCCCCC)=O)COC(CCCCCCC/C=C\\CCCCCCCC)=O",16,"Cholesterol","C[C@H](CCCC(C)C)[C@H]1CC[C@@H]2[C@@]1(CC[C@H]3[C@H]2CC=C4[C@@]3(CC[C@@H](C4)O)C)C",46.5,"PEG2000","CCCCCCCCCCCCCC(=O)OCC(COP(=O)(OCCNCC(=O)OCCOCCOCCOCCOCCOCCOCCOCCOCCOCCOCCOCCOCCOCCOCCOCCOCCOCCOCCOCCOCCOCCOCCOCCOCCOCCOCCOCCOCCOCCOCCOCCOCCOCCOCCOCCOCCOCCOCCOCCOCCOCCOCCOC)O)OC(=O)CCCCCCCCCCCCC",2.5,,,0,"citrate",,"handmixed","in_vitro","HeLa","in_vitro","in_vitro","mRNA","FLuc",0.01,"luminescence_normalized","individual",0.255340616,"https://www.nature.com/articles/s41467-024-45422-9",38424061,60,2,2,36,837.5867165,132.5,2,11,10.7812,240.6044,0.673469388,0,3,838.184,"True","False","False","2","A2","T6","Row15","2-A2-6","DOPE","Cholesterol","PEG2000",35,16,46.5,2.5,1,"Row56"
13042,"LNP_0013042","LX_2024","LX_2024_F21","2-A2-8","CCCCCCCCC(=O)Oc1cc(CNCCCN(C)CCCNCc2cc(OC(=O)CCCCCCCC)cc(OC(=O)CCCCCCCC)c2)cc(OC(=O)CCCCCCCC)c1","CCCCCCCCC(=O)Oc1cc(CNCCC[N+](C)(CCCNCc2cc(OC(=O)CCCCCCCC)cc(OC(=O)CCCCCCCC)c2)[H])cc(OC(=O)CCCCCCCC)c1",2,"CN(CCCN)CCCN",,,"A2_T8","CCCCCCCCC(=O)OC1=CC(=CC(=C1)OC(=O)CCCCCCCC)C=O",,,,,,,35,10,,"DOPE","[H][C@@](COP([O-])(OCC[NH3+])=O)(OC(CCCCCCC/C=C\\CCCCCCCC)=O)COC(CCCCCCC/C=C\\CCCCCCCC)=O",16,"Cholesterol","C[C@H](CCCC(C)C)[C@H]1CC[C@@H]2[C@@]1(CC[C@H]3[C@H]2CC=C4[C@@]3(CC[C@@H](C4)O)C)C",46.5,"PEG2000","CCCCCCCCCCCCCC(=O)OCC(COP(=O)(OCCNCC(=O)OCCOCCOCCOCCOCCOCCOCCOCCOCCOCCOCCOCCOCCOCCOCCOCCOCCOCCOCCOCCOCCOCCOCCOCCOCCOCCOCCOCCOCCOCCOCCOCCOCCOCCOCCOCCOCCOCCOCCOCCOCCOCCOCCOC)O)OC(=O)CCCCCCCCCCCCC",2.5,,,0,"citrate",,"handmixed","in_vitro","HeLa","in_vitro","in_vitro","mRNA","FLuc",0.01,"luminescence_normalized","individual",-1.518594685,"https://www.nature.com/articles/s41467-024-45422-9",38424061,68,2,2,44,949.711917,132.5,2,11,13.902,277.5404,0.719298246,0,3,950.4,"True","False","False","2","A2","T8","Row20","2-A2-8","DOPE","Cholesterol","PEG2000",35,16,46.5,2.5,1,"Row61"
13044,"LNP_0013044","LX_2024","LX_2024_F23","2-A2-9","CCCCCCCCCC(=O)Oc1cc(CNCCCN(C)CCCNCc2cc(OC(=O)CCCCCCCCC)cc(OC(=O)CCCCCCCCC)c2)cc(OC(=O)CCCCCCCCC)c1","CCCCCCCCCC(=O)Oc1cc(CNCCC[N+](C)(CCCNCc2cc(OC(=O)CCCCCCCCC)cc(OC(=O)CCCCCCCCC)c2)[H])cc(OC(=O)CCCCCCCCC)c1",2,"CN(CCCN)CCCN",,,"A2_T9","CCCCCCCCCC(=O)OC1=CC(C=O)=CC(OC(=O)CCCCCCCCC)=C1",,,,,,,35,10,,"DOPE","[H][C@@](COP([O-])(OCC[NH3+])=O)(OC(CCCCCCC/C=C\\CCCCCCCC)=O)COC(CCCCCCC/C=C\\CCCCCCCC)=O",16,"Cholesterol","C[C@H](CCCC(C)C)[C@H]1CC[C@@H]2[C@@]1(CC[C@H]3[C@H]2CC=C4[C@@]3(CC[C@@H](C4)O)C)C",46.5,"PEG2000","CCCCCCCCCCCCCC(=O)OCC(COP(=O)(OCCNCC(=O)OCCOCCOCCOCCOCCOCCOCCOCCOCCOCCOCCOCCOCCOCCOCCOCCOCCOCCOCCOCCOCCOCCOCCOCCOCCOCCOCCOCCOCCOCCOCCOCCOCCOCCOCCOCCOCCOCCOCCOCCOCCOCCOCCOC)O)OC(=O)CCCCCCCCCCCCC",2.5,,,0,"citrate",,"handmixed","in_vitro","HeLa","in_vitro","in_vitro","mRNA","FLuc",0.01,"luminescence_normalized","individual",-0.31699853,"https://www.nature.com/articles/s41467-024-45422-9",38424061,72,2,2,48,1005.774517,132.5,2,11,15.4624,296.0084,0.737704918,0,3,1006.508,"True","False","False","2","A2","T9","Row22","2-A2-9","DOPE","Cholesterol","PEG2000",35,16,46.5,2.5,1,"Row63"
13052,"LNP_0013052","LX_2024","LX_2024_F31","3-A2-6","CCCCCCC(=O)Oc1cc(CNCCN2CCN(CCNCc3cc(OC(=O)CCCCCC)cc(OC(=O)CCCCCC)c3)CC2)cc(OC(=O)CCCCCC)c1","CCCCCCC(=O)Oc1cc(CNCC[N+]2([H])CCN(CCNCc3cc(OC(=O)CCCCCC)cc(OC(=O)CCCCCC)c3)CC2)cc(OC(=O)CCCCCC)c1",3,"C(CN1CCN(CCN)CC1)N",,,"A2_T6","CCCCCCC(=O)OC1=CC(C=O)=CC(OC(=O)CCCCCC)=C1",,,,,,,35,10,,"DOPE","[H][C@@](COP([O-])(OCC[NH3+])=O)(OC(CCCCCCC/C=C\\CCCCCCCC)=O)COC(CCCCCCC/C=C\\CCCCCCCC)=O",16,"Cholesterol","C[C@H](CCCC(C)C)[C@H]1CC[C@@H]2[C@@]1(CC[C@H]3[C@H]2CC=C4[C@@]3(CC[C@@H](C4)O)C)C",46.5,"PEG2000","CCCCCCCCCCCCCC(=O)OCC(COP(=O)(OCCNCC(=O)OCCOCCOCCOCCOCCOCCOCCOCCOCCOCCOCCOCCOCCOCCOCCOCCOCCOCCOCCOCCOCCOCCOCCOCCOCCOCCOCCOCCOCCOCCOCCOCCOCCOCCOCCOCCOCCOCCOCCOCCOCCOCCOCCOC)O)OC(=O)CCCCCCCCCCCCC",2.5,,,0,"citrate",,"handmixed","in_vitro","HeLa","in_vitro","in_vitro","mRNA","FLuc",0.01,"luminescence_normalized","individual",0.488186115,"https://www.nature.com/articles/s41467-024-45422-9",38424061,62,3,2,34,864.5976155,135.74,2,12,9.6868,246.7534,0.68,0,4,865.21,"True","False","False","3","A2","T6","Row30","3-A2-6","DOPE","Cholesterol","PEG2000",35,16,46.5,2.5,1,"Row71"
13057,"LNP_0013057","LX_2024","LX_2024_F36","3-A2-8","CCCCCCCCC(=O)Oc1cc(CNCCN2CCN(CCNCc3cc(OC(=O)CCCCCCCC)cc(OC(=O)CCCCCCCC)c3)CC2)cc(OC(=O)CCCCCCCC)c1","CCCCCCCCC(=O)Oc1cc(CNCC[N+]2([H])CCN(CCNCc3cc(OC(=O)CCCCCCCC)cc(OC(=O)CCCCCCCC)c3)CC2)cc(OC(=O)CCCCCCCC)c1",3,"C(CN1CCN(CCN)CC1)N",,,"A2_T8","CCCCCCCCC(=O)OC1=CC(=CC(=C1)OC(=O)CCCCCCCC)C=O",,,,,,,35,10,,"DOPE","[H][C@@](COP([O-])(OCC[NH3+])=O)(OC(CCCCCCC/C=C\\CCCCCCCC)=O)COC(CCCCCCC/C=C\\CCCCCCCC)=O",16,"Cholesterol","C[C@H](CCCC(C)C)[C@H]1CC[C@@H]2[C@@]1(CC[C@H]3[C@H]2CC=C4[C@@]3(CC[C@@H](C4)O)C)C",46.5,"PEG2000","CCCCCCCCCCCCCC(=O)OCC(COP(=O)(OCCNCC(=O)OCCOCCOCCOCCOCCOCCOCCOCCOCCOCCOCCOCCOCCOCCOCCOCCOCCOCCOCCOCCOCCOCCOCCOCCOCCOCCOCCOCCOCCOCCOCCOCCOCCOCCOCCOCCOCCOCCOCCOCCOCCOCCOCCOC)O)OC(=O)CCCCCCCCCCCCC",2.5,,,0,"citrate",,"handmixed","in_vitro","HeLa","in_vitro","in_vitro","mRNA","FLuc",0.01,"luminescence_normalized","individual",-1.431907543,"https://www.nature.com/articles/s41467-024-45422-9",38424061,70,3,2,42,976.722816,135.74,2,12,12.8076,283.6894,0.724137931,0,4,977.426,"True","False","False","3","A2","T8","Row35","3-A2-8","DOPE","Cholesterol","PEG2000",35,16,46.5,2.5,1,"Row76"
13059,"LNP_0013059","LX_2024","LX_2024_F38","3-A2-9","CCCCCCCCCC(=O)Oc1cc(CNCCN2CCN(CCNCc3cc(OC(=O)CCCCCCCCC)cc(OC(=O)CCCCCCCCC)c3)CC2)cc(OC(=O)CCCCCCCCC)c1","CCCCCCCCCC(=O)Oc1cc(CNCC[N+]2([H])CCN(CCNCc3cc(OC(=O)CCCCCCCCC)cc(OC(=O)CCCCCCCCC)c3)CC2)cc(OC(=O)CCCCCCCCC)c1",3,"C(CN1CCN(CCN)CC1)N",,,"A2_T9","CCCCCCCCCC(=O)OC1=CC(C=O)=CC(OC(=O)CCCCCCCCC)=C1",,,,,,,35,10,,"DOPE","[H][C@@](COP([O-])(OCC[NH3+])=O)(OC(CCCCCCC/C=C\\CCCCCCCC)=O)COC(CCCCCCC/C=C\\CCCCCCCC)=O",16,"Cholesterol","C[C@H](CCCC(C)C)[C@H]1CC[C@@H]2[C@@]1(CC[C@H]3[C@H]2CC=C4[C@@]3(CC[C@@H](C4)O)C)C",46.5,"PEG2000","CCCCCCCCCCCCCC(=O)OCC(COP(=O)(OCCNCC(=O)OCCOCCOCCOCCOCCOCCOCCOCCOCCOCCOCCOCCOCCOCCOCCOCCOCCOCCOCCOCCOCCOCCOCCOCCOCCOCCOCCOCCOCCOCCOCCOCCOCCOCCOCCOCCOCCOCCOCCOCCOCCOCCOCCOC)O)OC(=O)CCCCCCCCCCCCC",2.5,,,0,"citrate",,"handmixed","in_vitro","HeLa","in_vitro","in_vitro","mRNA","FLuc",0.01,"luminescence_normalized","individual",-0.71779568,"https://www.nature.com/articles/s41467-024-45422-9",38424061,74,3,2,46,1032.785416,135.74,2,12,14.368,302.1574,0.741935484,0,4,1033.534,"True","False","False","3","A2","T9","Row37","3-A2-9","DOPE","Cholesterol","PEG2000",35,16,46.5,2.5,1,"Row78"
13067,"LNP_0013067","LX_2024","LX_2024_F46","4-A2-6","CCCCCCC(=O)Oc1cc(CNCCCN2CCN(CCCNCc3cc(OC(=O)CCCCCC)cc(OC(=O)CCCCCC)c3)CC2)cc(OC(=O)CCCCCC)c1","CCCCCCC(=O)Oc1cc(CNCCC[N+]2([H])CCN(CCCNCc3cc(OC(=O)CCCCCC)cc(OC(=O)CCCCCC)c3)CC2)cc(OC(=O)CCCCCC)c1",4,"C(CN)CN1CCN(CCCN)CC1",,,"A2_T6","CCCCCCC(=O)OC1=CC(C=O)=CC(OC(=O)CCCCCC)=C1",,,,,,,35,10,,"DOPE","[H][C@@](COP([O-])(OCC[NH3+])=O)(OC(CCCCCCC/C=C\\CCCCCCCC)=O)COC(CCCCCCC/C=C\\CCCCCCCC)=O",16,"Cholesterol","C[C@H](CCCC(C)C)[C@H]1CC[C@@H]2[C@@]1(CC[C@H]3[C@H]2CC=C4[C@@]3(CC[C@@H](C4)O)C)C",46.5,"PEG2000","CCCCCCCCCCCCCC(=O)OCC(COP(=O)(OCCNCC(=O)OCCOCCOCCOCCOCCOCCOCCOCCOCCOCCOCCOCCOCCOCCOCCOCCOCCOCCOCCOCCOCCOCCOCCOCCOCCOCCOCCOCCOCCOCCOCCOCCOCCOCCOCCOCCOCCOCCOCCOCCOCCOCCOCCOC)O)OC(=O)CCCCCCCCCCCCC",2.5,,,0,"citrate",,"handmixed","in_vitro","HeLa","in_vitro","in_vitro","mRNA","FLuc",0.01,"luminescence_normalized","individual",0.053149332,"https://www.nature.com/articles/s41467-024-45422-9",38424061,64,3,2,36,892.6289156,135.74,2,12,10.467,255.9874,0.692307692,0,4,893.264,"True","False","False","4","A2","T6","Row45","4-A2-6","DOPE","Cholesterol","PEG2000",35,16,46.5,2.5,1,"Row86"
13072,"LNP_0013072","LX_2024","LX_2024_F51","4-A2-8","CCCCCCCCC(=O)Oc1cc(CNCCCN2CCN(CCCNCc3cc(OC(=O)CCCCCCCC)cc(OC(=O)CCCCCCCC)c3)CC2)cc(OC(=O)CCCCCCCC)c1","CCCCCCCCC(=O)Oc1cc(CNCCC[N+]2([H])CCN(CCCNCc3cc(OC(=O)CCCCCCCC)cc(OC(=O)CCCCCCCC)c3)CC2)cc(OC(=O)CCCCCCCC)c1",4,"C(CN)CN1CCN(CCCN)CC1",,,"A2_T8","CCCCCCCCC(=O)OC1=CC(=CC(=C1)OC(=O)CCCCCCCC)C=O",,,,,,,35,10,,"DOPE","[H][C@@](COP([O-])(OCC[NH3+])=O)(OC(CCCCCCC/C=C\\CCCCCCCC)=O)COC(CCCCCCC/C=C\\CCCCCCCC)=O",16,"Cholesterol","C[C@H](CCCC(C)C)[C@H]1CC[C@@H]2[C@@]1(CC[C@H]3[C@H]2CC=C4[C@@]3(CC[C@@H](C4)O)C)C",46.5,"PEG2000","CCCCCCCCCCCCCC(=O)OCC(COP(=O)(OCCNCC(=O)OCCOCCOCCOCCOCCOCCOCCOCCOCCOCCOCCOCCOCCOCCOCCOCCOCCOCCOCCOCCOCCOCCOCCOCCOCCOCCOCCOCCOCCOCCOCCOCCOCCOCCOCCOCCOCCOCCOCCOCCOCCOCCOCCOC)O)OC(=O)CCCCCCCCCCCCC",2.5,,,0,"citrate",,"handmixed","in_vitro","HeLa","in_vitro","in_vitro","mRNA","FLuc",0.01,"luminescence_normalized","individual",-1.418254434,"https://www.nature.com/articles/s41467-024-45422-9",38424061,72,3,2,44,1004.754116,135.74,2,12,13.5878,292.9234,0.733333333,0,4,1005.48,"True","False","False","4","A2","T8","Row50","4-A2-8","DOPE","Cholesterol","PEG2000",35,16,46.5,2.5,1,"Row91"
13074,"LNP_0013074","LX_2024","LX_2024_F53","4-A2-9","CCCCCCCCCC(=O)Oc1cc(CNCCCN2CCN(CCCNCc3cc(OC(=O)CCCCCCCCC)cc(OC(=O)CCCCCCCCC)c3)CC2)cc(OC(=O)CCCCCCCCC)c1","CCCCCCCCCC(=O)Oc1cc(CNCCC[N+]2([H])CCN(CCCNCc3cc(OC(=O)CCCCCCCCC)cc(OC(=O)CCCCCCCCC)c3)CC2)cc(OC(=O)CCCCCCCCC)c1",4,"C(CN)CN1CCN(CCCN)CC1",,,"A2_T9","CCCCCCCCCC(=O)OC1=CC(C=O)=CC(OC(=O)CCCCCCCCC)=C1",,,,,,,35,10,,"DOPE","[H][C@@](COP([O-])(OCC[NH3+])=O)(OC(CCCCCCC/C=C\\CCCCCCCC)=O)COC(CCCCCCC/C=C\\CCCCCCCC)=O",16,"Cholesterol","C[C@H](CCCC(C)C)[C@H]1CC[C@@H]2[C@@]1(CC[C@H]3[C@H]2CC=C4[C@@]3(CC[C@@H](C4)O)C)C",46.5,"PEG2000","CCCCCCCCCCCCCC(=O)OCC(COP(=O)(OCCNCC(=O)OCCOCCOCCOCCOCCOCCOCCOCCOCCOCCOCCOCCOCCOCCOCCOCCOCCOCCOCCOCCOCCOCCOCCOCCOCCOCCOCCOCCOCCOCCOCCOCCOCCOCCOCCOCCOCCOCCOCCOCCOCCOCCOCCOC)O)OC(=O)CCCCCCCCCCCCC",2.5,,,0,"citrate",,"handmixed","in_vitro","HeLa","in_vitro","in_vitro","mRNA","FLuc",0.01,"luminescence_normalized","individual",-0.774628849,"https://www.nature.com/articles/s41467-024-45422-9",38424061,76,3,2,48,1060.816716,135.74,2,12,15.1482,311.3914,0.75,0,4,1061.588,"True","False","False","4","A2","T9","Row52","4-A2-9","DOPE","Cholesterol","PEG2000",35,16,46.5,2.5,1,"Row93"
13082,"LNP_0013082","LX_2024","LX_2024_F61","5-A2-6","CCCCCCC(=O)Oc1cc(CNCCN(C)C)cc(OC(=O)CCCCCC)c1","CCCCCCC(=O)Oc1cc(CNCC[N+](C)(C)[H])cc(OC(=O)CCCCCC)c1",5,"CN(C)CCN",,,"A2_T6","CCCCCCC(=O)OC1=CC(C=O)=CC(OC(=O)CCCCCC)=C1",,,,,,,35,10,,"DOPE","[H][C@@](COP([O-])(OCC[NH3+])=O)(OC(CCCCCCC/C=C\\CCCCCCCC)=O)COC(CCCCCCC/C=C\\CCCCCCCC)=O",16,"Cholesterol","C[C@H](CCCC(C)C)[C@H]1CC[C@@H]2[C@@]1(CC[C@H]3[C@H]2CC=C4[C@@]3(CC[C@@H](C4)O)C)C",46.5,"PEG2000","CCCCCCCCCCCCCC(=O)OCC(COP(=O)(OCCNCC(=O)OCCOCCOCCOCCOCCOCCOCCOCCOCCOCCOCCOCCOCCOCCOCCOCCOCCOCCOCCOCCOCCOCCOCCOCCOCCOCCOCCOCCOCCOCCOCCOCCOCCOCCOCCOCCOCCOCCOCCOCCOCCOCCOCCOC)O)OC(=O)CCCCCCCCCCCCC",2.5,,,0,"citrate",,"handmixed","in_vitro","HeLa","in_vitro","in_vitro","mRNA","FLuc",0.01,"luminescence_normalized","individual",0.187146726,"https://www.nature.com/articles/s41467-024-45422-9",38424061,31,1,1,17,434.3144578,67.87,1,6,5.0894,125.4907,0.68,0,2,434.621,"True","False","False","5","A2","T6","Row60","5-A2-6","DOPE","Cholesterol","PEG2000",35,16,46.5,2.5,1,"Row101"
13084,"LNP_0013084","LX_2024","LX_2024_F63","5-A2-7","CCCCCCCC(=O)Oc1cc(CNCCN(C)C)cc(OC(=O)CCCCCCC)c1","CCCCCCCC(=O)Oc1cc(CNCC[N+](C)(C)[H])cc(OC(=O)CCCCCCC)c1",5,"CN(C)CCN",,,"A2_T7","CCCCCCCC(=O)OC1=CC(C=O)=CC(OC(=O)CCCCCCC)=C1",,,,,,,35,10,,"DOPE","[H][C@@](COP([O-])(OCC[NH3+])=O)(OC(CCCCCCC/C=C\\CCCCCCCC)=O)COC(CCCCCCC/C=C\\CCCCCCCC)=O",16,"Cholesterol","C[C@H](CCCC(C)C)[C@H]1CC[C@@H]2[C@@]1(CC[C@H]3[C@H]2CC=C4[C@@]3(CC[C@@H](C4)O)C)C",46.5,"PEG2000","CCCCCCCCCCCCCC(=O)OCC(COP(=O)(OCCNCC(=O)OCCOCCOCCOCCOCCOCCOCCOCCOCCOCCOCCOCCOCCOCCOCCOCCOCCOCCOCCOCCOCCOCCOCCOCCOCCOCCOCCOCCOCCOCCOCCOCCOCCOCCOCCOCCOCCOCCOCCOCCOCCOCCOCCOC)O)OC(=O)CCCCCCCCCCCCC",2.5,,,0,"citrate",,"handmixed","in_vitro","HeLa","in_vitro","in_vitro","mRNA","FLuc",0.01,"luminescence_normalized","individual",-0.614074969,"https://www.nature.com/articles/s41467-024-45422-9",38424061,33,1,1,19,462.345758,67.87,1,6,5.8696,134.7247,0.703703704,0,2,462.675,"True","False","False","5","A2","T7","Row62","5-A2-7","DOPE","Cholesterol","PEG2000",35,16,46.5,2.5,1,"Row103"
13085,"LNP_0013085","LX_2024","LX_2024_F64","5-A2-7b","CCCCCC(C)C(=O)Oc1cc(CNCCN(C)C)cc(OC(=O)C(C)CCCCC)c1","CCCCCC(C)C(=O)Oc1cc(CNCC[N+](C)(C)[H])cc(OC(=O)C(C)CCCCC)c1",5,"CN(C)CCN",,,"A2_T7b","CCCCCC(C)C(=O)OC1=CC(=CC(=C1)OC(=O)C(C)CCCCC)C=O",,,,,,,35,10,,"DOPE","[H][C@@](COP([O-])(OCC[NH3+])=O)(OC(CCCCCCC/C=C\\CCCCCCCC)=O)COC(CCCCCCC/C=C\\CCCCCCCC)=O",16,"Cholesterol","C[C@H](CCCC(C)C)[C@H]1CC[C@@H]2[C@@]1(CC[C@H]3[C@H]2CC=C4[C@@]3(CC[C@@H](C4)O)C)C",46.5,"PEG2000","CCCCCCCCCCCCCC(=O)OCC(COP(=O)(OCCNCC(=O)OCCOCCOCCOCCOCCOCCOCCOCCOCCOCCOCCOCCOCCOCCOCCOCCOCCOCCOCCOCCOCCOCCOCCOCCOCCOCCOCCOCCOCCOCCOCCOCCOCCOCCOCCOCCOCCOCCOCCOCCOCCOCCOCCOC)O)OC(=O)CCCCCCCCCCCCC",2.5,,,0,"citrate",,"handmixed","in_vitro","HeLa","in_vitro","in_vitro","mRNA","FLuc",0.01,"luminescence_normalized","individual",0.076781119,"https://www.nature.com/articles/s41467-024-45422-9",38424061,33,1,1,17,462.345758,67.87,1,6,5.5814,134.5847,0.703703704,2,2,462.675,"True","False","False","5","A2","T7b","Row63","5-A2-7b","DOPE","Cholesterol","PEG2000",35,16,46.5,2.5,1,"Row104"
13086,"LNP_0013086","LX_2024","LX_2024_F65","5-A2-7b2","CCCCC(CC)C(=O)Oc1cc(CNCCN(C)C)cc(OC(=O)C(CC)CCCC)c1","CCCCC(CC)C(=O)Oc1cc(CNCC[N+](C)(C)[H])cc(OC(=O)C(CC)CCCC)c1",5,"CN(C)CCN",,,"A2_T7b2","CCCCC(CC)C(=O)OC1=CC(=CC(=C1)OC(=O)C(CC)CCCC)C=O",,,,,,,35,10,,"DOPE","[H][C@@](COP([O-])(OCC[NH3+])=O)(OC(CCCCCCC/C=C\\CCCCCCCC)=O)COC(CCCCCCC/C=C\\CCCCCCCC)=O",16,"Cholesterol","C[C@H](CCCC(C)C)[C@H]1CC[C@@H]2[C@@]1(CC[C@H]3[C@H]2CC=C4[C@@]3(CC[C@@H](C4)O)C)C",46.5,"PEG2000","CCCCCCCCCCCCCC(=O)OCC(COP(=O)(OCCNCC(=O)OCCOCCOCCOCCOCCOCCOCCOCCOCCOCCOCCOCCOCCOCCOCCOCCOCCOCCOCCOCCOCCOCCOCCOCCOCCOCCOCCOCCOCCOCCOCCOCCOCCOCCOCCOCCOCCOCCOCCOCCOCCOCCOCCOC)O)OC(=O)CCCCCCCCCCCCC",2.5,,,0,"citrate",,"handmixed","in_vitro","HeLa","in_vitro","in_vitro","mRNA","FLuc",0.01,"luminescence_normalized","individual",-0.845115107,"https://www.nature.com/articles/s41467-024-45422-9",38424061,33,1,1,17,462.345758,67.87,1,6,5.5814,134.5847,0.703703704,2,2,462.675,"True","False","False","5","A2","T7b2","Row64","5-A2-7b2","DOPE","Cholesterol","PEG2000",35,16,46.5,2.5,1,"Row105"
13087,"LNP_0013087","LX_2024","LX_2024_F66","5-A2-8","CCCCCCCCC(=O)Oc1cc(CNCCN(C)C)cc(OC(=O)CCCCCCCC)c1","CCCCCCCCC(=O)Oc1cc(CNCC[N+](C)(C)[H])cc(OC(=O)CCCCCCCC)c1",5,"CN(C)CCN",,,"A2_T8","CCCCCCCCC(=O)OC1=CC(=CC(=C1)OC(=O)CCCCCCCC)C=O",,,,,,,35,10,,"DOPE","[H][C@@](COP([O-])(OCC[NH3+])=O)(OC(CCCCCCC/C=C\\CCCCCCCC)=O)COC(CCCCCCC/C=C\\CCCCCCCC)=O",16,"Cholesterol","C[C@H](CCCC(C)C)[C@H]1CC[C@@H]2[C@@]1(CC[C@H]3[C@H]2CC=C4[C@@]3(CC[C@@H](C4)O)C)C",46.5,"PEG2000","CCCCCCCCCCCCCC(=O)OCC(COP(=O)(OCCNCC(=O)OCCOCCOCCOCCOCCOCCOCCOCCOCCOCCOCCOCCOCCOCCOCCOCCOCCOCCOCCOCCOCCOCCOCCOCCOCCOCCOCCOCCOCCOCCOCCOCCOCCOCCOCCOCCOCCOCCOCCOCCOCCOCCOCCOC)O)OC(=O)CCCCCCCCCCCCC",2.5,,,0,"citrate",,"handmixed","in_vitro","HeLa","in_vitro","in_vitro","mRNA","FLuc",0.01,"luminescence_normalized","individual",-0.59259566,"https://www.nature.com/articles/s41467-024-45422-9",38424061,35,1,1,21,490.3770581,67.87,1,6,6.6498,143.9587,0.724137931,0,2,490.729,"True","False","False","5","A2","T8","Row65","5-A2-8","DOPE","Cholesterol","PEG2000",35,16,46.5,2.5,1,"Row106"
13089,"LNP_0013089","LX_2024","LX_2024_F68","5-A2-9","CCCCCCCCCC(=O)Oc1cc(CNCCN(C)C)cc(OC(=O)CCCCCCCCC)c1","CCCCCCCCCC(=O)Oc1cc(CNCC[N+](C)(C)[H])cc(OC(=O)CCCCCCCCC)c1",5,"CN(C)CCN",,,"A2_T9","CCCCCCCCCC(=O)OC1=CC(C=O)=CC(OC(=O)CCCCCCCCC)=C1",,,,,,,35,10,,"DOPE","[H][C@@](COP([O-])(OCC[NH3+])=O)(OC(CCCCCCC/C=C\\CCCCCCCC)=O)COC(CCCCCCC/C=C\\CCCCCCCC)=O",16,"Cholesterol","C[C@H](CCCC(C)C)[C@H]1CC[C@@H]2[C@@]1(CC[C@H]3[C@H]2CC=C4[C@@]3(CC[C@@H](C4)O)C)C",46.5,"PEG2000","CCCCCCCCCCCCCC(=O)OCC(COP(=O)(OCCNCC(=O)OCCOCCOCCOCCOCCOCCOCCOCCOCCOCCOCCOCCOCCOCCOCCOCCOCCOCCOCCOCCOCCOCCOCCOCCOCCOCCOCCOCCOCCOCCOCCOCCOCCOCCOCCOCCOCCOCCOCCOCCOCCOCCOCCOC)O)OC(=O)CCCCCCCCCCCCC",2.5,,,0,"citrate",,"handmixed","in_vitro","HeLa","in_vitro","in_vitro","mRNA","FLuc",0.01,"luminescence_normalized","individual",-0.794418617,"https://www.nature.com/articles/s41467-024-45422-9",38424061,37,1,1,23,518.4083582,67.87,1,6,7.43,153.1927,0.741935484,0,2,518.783,"True","False","False","5","A2","T9","Row67","5-A2-9","DOPE","Cholesterol","PEG2000",35,16,46.5,2.5,1,"Row108"
13090,"LNP_0013090","LX_2024","LX_2024_F69","5-A2-9b","CCCCCC(C)CCC(=O)Oc1cc(CNCCN(C)C)cc(OC(=O)CCC(C)CCCCC)c1","CCCCCC(C)CCC(=O)Oc1cc(CNCC[N+](C)(C)[H])cc(OC(=O)CCC(C)CCCCC)c1",5,"CN(C)CCN",,,"A2_T9b","CCCCCC(C)CCC(=O)OC1=CC(=CC(=C1)OC(=O)CCC(C)CCCCC)C=O",,,,,,,35,10,,"DOPE","[H][C@@](COP([O-])(OCC[NH3+])=O)(OC(CCCCCCC/C=C\\CCCCCCCC)=O)COC(CCCCCCC/C=C\\CCCCCCCC)=O",16,"Cholesterol","C[C@H](CCCC(C)C)[C@H]1CC[C@@H]2[C@@]1(CC[C@H]3[C@H]2CC=C4[C@@]3(CC[C@@H](C4)O)C)C",46.5,"PEG2000","CCCCCCCCCCCCCC(=O)OCC(COP(=O)(OCCNCC(=O)OCCOCCOCCOCCOCCOCCOCCOCCOCCOCCOCCOCCOCCOCCOCCOCCOCCOCCOCCOCCOCCOCCOCCOCCOCCOCCOCCOCCOCCOCCOCCOCCOCCOCCOCCOCCOCCOCCOCCOCCOCCOCCOCCOC)O)OC(=O)CCCCCCCCCCCCC",2.5,,,0,"citrate",,"handmixed","in_vitro","HeLa","in_vitro","in_vitro","mRNA","FLuc",0.01,"luminescence_normalized","individual",-0.664409154,"https://www.nature.com/articles/s41467-024-45422-9",38424061,37,1,1,21,518.4083582,67.87,1,6,7.1418,153.0527,0.741935484,2,2,518.783,"True","False","False","5","A2","T9b","Row68","5-A2-9b","DOPE","Cholesterol","PEG2000",35,16,46.5,2.5,1,"Row109"
13091,"LNP_0013091","LX_2024","LX_2024_F70","5-A2-9b2","CCCCC(CC)CCC(=O)Oc1cc(CNCCN(C)C)cc(OC(=O)CCC(CC)CCCC)c1","CCCCC(CC)CCC(=O)Oc1cc(CNCC[N+](C)(C)[H])cc(OC(=O)CCC(CC)CCCC)c1",5,"CN(C)CCN",,,"A2_T9b2","CCCCC(CC)CCC(=O)OC1=CC(=CC(=C1)OC(=O)CCC(CC)CCCC)C=O",,,,,,,35,10,,"DOPE","[H][C@@](COP([O-])(OCC[NH3+])=O)(OC(CCCCCCC/C=C\\CCCCCCCC)=O)COC(CCCCCCC/C=C\\CCCCCCCC)=O",16,"Cholesterol","C[C@H](CCCC(C)C)[C@H]1CC[C@@H]2[C@@]1(CC[C@H]3[C@H]2CC=C4[C@@]3(CC[C@@H](C4)O)C)C",46.5,"PEG2000","CCCCCCCCCCCCCC(=O)OCC(COP(=O)(OCCNCC(=O)OCCOCCOCCOCCOCCOCCOCCOCCOCCOCCOCCOCCOCCOCCOCCOCCOCCOCCOCCOCCOCCOCCOCCOCCOCCOCCOCCOCCOCCOCCOCCOCCOCCOCCOCCOCCOCCOCCOCCOCCOCCOCCOCCOC)O)OC(=O)CCCCCCCCCCCCC",2.5,,,0,"citrate",,"handmixed","in_vitro","HeLa","in_vitro","in_vitro","mRNA","FLuc",0.01,"luminescence_normalized","individual",-1.047753837,"https://www.nature.com/articles/s41467-024-45422-9",38424061,37,1,1,21,518.4083582,67.87,1,6,7.1418,153.0527,0.741935484,2,2,518.783,"True","False","False","5","A2","T9b2","Row69","5-A2-9b2","DOPE","Cholesterol","PEG2000",35,16,46.5,2.5,1,"Row110"
13092,"LNP_0013092","LX_2024","LX_2024_F71","5-A3-6b","CCCCC(C)C(=O)Oc1cc(OC(=O)C(C)CCCC)c(CNCCN(C)C)c(OC(=O)C(C)CCCC)c1","CCCCC(C)C(=O)Oc1cc(OC(=O)C(C)CCCC)c(CNCC[N+](C)(C)[H])c(OC(=O)C(C)CCCC)c1",5,"CN(C)CCN",,,"A3_T6b","CCCCCCC(=O)OC1=CC(=CC(=C1OC(=O)CCCCCC)OC(=O)CCCCCC)C=O",,,,,,,35,10,,"DOPE","[H][C@@](COP([O-])(OCC[NH3+])=O)(OC(CCCCCCC/C=C\\CCCCCCCC)=O)COC(CCCCCCC/C=C\\CCCCCCCC)=O",16,"Cholesterol","C[C@H](CCCC(C)C)[C@H]1CC[C@@H]2[C@@]1(CC[C@H]3[C@H]2CC=C4[C@@]3(CC[C@@H](C4)O)C)C",46.5,"PEG2000","CCCCCCCCCCCCCC(=O)OCC(COP(=O)(OCCNCC(=O)OCCOCCOCCOCCOCCOCCOCCOCCOCCOCCOCCOCCOCCOCCOCCOCCOCCOCCOCCOCCOCCOCCOCCOCCOCCOCCOCCOCCOCCOCCOCCOCCOCCOCCOCCOCCOCCOCCOCCOCCOCCOCCOCCOC)O)OC(=O)CCCCCCCCCCCCC",2.5,,,0,"citrate",,"handmixed","in_vitro","HeLa","in_vitro","in_vitro","mRNA","FLuc",0.01,"luminescence_normalized","individual",-0.05531983,"https://www.nature.com/articles/s41467-024-45422-9",38424061,40,1,1,20,562.3981874,94.17,1,8,6.5329,159.6747,0.71875,3,2,562.792,"True","False","False","5","A3","T6b","Row70","5-A3-6b","DOPE","Cholesterol","PEG2000",35,16,46.5,2.5,1,"Row111"
13093,"LNP_0013093","LX_2024","LX_2024_F72","5-A3-7b","CCCCCC(C)C(=O)Oc1cc(OC(=O)C(C)CCCCC)c(CNCCN(C)C)c(OC(=O)C(C)CCCCC)c1","CCCCCC(C)C(=O)Oc1cc(OC(=O)C(C)CCCCC)c(CNCC[N+](C)(C)[H])c(OC(=O)C(C)CCCCC)c1",5,"CN(C)CCN",,,"A3_T7b","CCCCCC(C)C(=O)OC1=CC(=C(C=O)C(=C1)OC(=O)C(C)CCCCC)OC(=O)C(C)CCCCC",,,,,,,35,10,,"DOPE","[H][C@@](COP([O-])(OCC[NH3+])=O)(OC(CCCCCCC/C=C\\CCCCCCCC)=O)COC(CCCCCCC/C=C\\CCCCCCCC)=O",16,"Cholesterol","C[C@H](CCCC(C)C)[C@H]1CC[C@@H]2[C@@]1(CC[C@H]3[C@H]2CC=C4[C@@]3(CC[C@@H](C4)O)C)C",46.5,"PEG2000","CCCCCCCCCCCCCC(=O)OCC(COP(=O)(OCCNCC(=O)OCCOCCOCCOCCOCCOCCOCCOCCOCCOCCOCCOCCOCCOCCOCCOCCOCCOCCOCCOCCOCCOCCOCCOCCOCCOCCOCCOCCOCCOCCOCCOCCOCCOCCOCCOCCOCCOCCOCCOCCOCCOCCOCCOC)O)OC(=O)CCCCCCCCCCCCC",2.5,,,0,"citrate",,"handmixed","in_vitro","HeLa","in_vitro","in_vitro","mRNA","FLuc",0.01,"luminescence_normalized","individual",-0.447331001,"https://www.nature.com/articles/s41467-024-45422-9",38424061,43,1,1,23,604.4451376,94.17,1,8,7.7032,173.5257,0.742857143,3,2,604.873,"True","False","False","5","A3","T7b","Row71","5-A3-7b","DOPE","Cholesterol","PEG2000",35,16,46.5,2.5,1,"Row112"
13094,"LNP_0013094","LX_2024","LX_2024_F73","5-A3-7b2","CCCCC(CC)C(=O)Oc1cc(OC(=O)C(CC)CCCC)c(CNCCN(C)C)c(OC(=O)C(CC)CCCC)c1","CCCCC(CC)C(=O)Oc1cc(OC(=O)C(CC)CCCC)c(CNCC[N+](C)(C)[H])c(OC(=O)C(CC)CCCC)c1",5,"CN(C)CCN",,,"A3_T7b2","CCCCC(CC)C(=O)OC1=CC(OC(=O)C(CC)CCCC)=C(C=O)C(OC(=O)C(CC)CCCC)=C1",,,,,,,35,10,,"DOPE","[H][C@@](COP([O-])(OCC[NH3+])=O)(OC(CCCCCCC/C=C\\CCCCCCCC)=O)COC(CCCCCCC/C=C\\CCCCCCCC)=O",16,"Cholesterol","C[C@H](CCCC(C)C)[C@H]1CC[C@@H]2[C@@]1(CC[C@H]3[C@H]2CC=C4[C@@]3(CC[C@@H](C4)O)C)C",46.5,"PEG2000","CCCCCCCCCCCCCC(=O)OCC(COP(=O)(OCCNCC(=O)OCCOCCOCCOCCOCCOCCOCCOCCOCCOCCOCCOCCOCCOCCOCCOCCOCCOCCOCCOCCOCCOCCOCCOCCOCCOCCOCCOCCOCCOCCOCCOCCOCCOCCOCCOCCOCCOCCOCCOCCOCCOCCOCCOC)O)OC(=O)CCCCCCCCCCCCC",2.5,,,0,"citrate",,"handmixed","in_vitro","HeLa","in_vitro","in_vitro","mRNA","FLuc",0.01,"luminescence_normalized","individual",-0.402444775,"https://www.nature.com/articles/s41467-024-45422-9",38424061,43,1,1,23,604.4451376,94.17,1,8,7.7032,173.5257,0.742857143,3,2,604.873,"True","False","False","5","A3","T7b2","Row72","5-A3-7b2","DOPE","Cholesterol","PEG2000",35,16,46.5,2.5,1,"Row113"
13097,"LNP_0013097","LX_2024","LX_2024_F76","6-A2-6","CCCCCCC(=O)Oc1cc(CNCCCN(C)C)cc(OC(=O)CCCCCC)c1","CCCCCCC(=O)Oc1cc(CNCCC[N+](C)(C)[H])cc(OC(=O)CCCCCC)c1",6,"CN(C)CCCN",,,"A2_T6","CCCCCCC(=O)OC1=CC(C=O)=CC(OC(=O)CCCCCC)=C1",,,,,,,35,10,,"DOPE","[H][C@@](COP([O-])(OCC[NH3+])=O)(OC(CCCCCCC/C=C\\CCCCCCCC)=O)COC(CCCCCCC/C=C\\CCCCCCCC)=O",16,"Cholesterol","C[C@H](CCCC(C)C)[C@H]1CC[C@@H]2[C@@]1(CC[C@H]3[C@H]2CC=C4[C@@]3(CC[C@@H](C4)O)C)C",46.5,"PEG2000","CCCCCCCCCCCCCC(=O)OCC(COP(=O)(OCCNCC(=O)OCCOCCOCCOCCOCCOCCOCCOCCOCCOCCOCCOCCOCCOCCOCCOCCOCCOCCOCCOCCOCCOCCOCCOCCOCCOCCOCCOCCOCCOCCOCCOCCOCCOCCOCCOCCOCCOCCOCCOCCOCCOCCOCCOC)O)OC(=O)CCCCCCCCCCCCC",2.5,,,0,"citrate",,"handmixed","in_vitro","HeLa","in_vitro","in_vitro","mRNA","FLuc",0.01,"luminescence_normalized","individual",-0.094052548,"https://www.nature.com/articles/s41467-024-45422-9",38424061,32,1,1,18,448.3301079,67.87,1,6,5.4795,130.1077,0.692307692,0,2,448.648,"True","False","False","6","A2","T6","Row75","6-A2-6","DOPE","Cholesterol","PEG2000",35,16,46.5,2.5,1,"Row116"
13098,"LNP_0013098","LX_2024","LX_2024_F77","6-A2-6b","CCCCC(C)C(=O)Oc1cc(CNCCCN(C)C)cc(OC(=O)C(C)CCCC)c1","CCCCC(C)C(=O)Oc1cc(CNCCC[N+](C)(C)[H])cc(OC(=O)C(C)CCCC)c1",6,"CN(C)CCCN",,,"A2_T6b","CCCCC(C)C(=O)OC1=CC(=CC(=C1)OC(=O)C(C)CCCC)C=O",,,,,,,35,10,,"DOPE","[H][C@@](COP([O-])(OCC[NH3+])=O)(OC(CCCCCCC/C=C\\CCCCCCCC)=O)COC(CCCCCCC/C=C\\CCCCCCCC)=O",16,"Cholesterol","C[C@H](CCCC(C)C)[C@H]1CC[C@@H]2[C@@]1(CC[C@H]3[C@H]2CC=C4[C@@]3(CC[C@@H](C4)O)C)C",46.5,"PEG2000","CCCCCCCCCCCCCC(=O)OCC(COP(=O)(OCCNCC(=O)OCCOCCOCCOCCOCCOCCOCCOCCOCCOCCOCCOCCOCCOCCOCCOCCOCCOCCOCCOCCOCCOCCOCCOCCOCCOCCOCCOCCOCCOCCOCCOCCOCCOCCOCCOCCOCCOCCOCCOCCOCCOCCOCCOC)O)OC(=O)CCCCCCCCCCCCC",2.5,,,0,"citrate",,"handmixed","in_vitro","HeLa","in_vitro","in_vitro","mRNA","FLuc",0.01,"luminescence_normalized","individual",0.129262511,"https://www.nature.com/articles/s41467-024-45422-9",38424061,32,1,1,16,448.3301079,67.87,1,6,5.1913,129.9677,0.692307692,2,2,448.648,"True","False","False","6","A2","T6b","Row76","6-A2-6b","DOPE","Cholesterol","PEG2000",35,16,46.5,2.5,1,"Row117"
13100,"LNP_0013100","LX_2024","LX_2024_F79","6-A2-7b","CCCCCC(C)C(=O)Oc1cc(CNCCCN(C)C)cc(OC(=O)C(C)CCCCC)c1","CCCCCC(C)C(=O)Oc1cc(CNCCC[N+](C)(C)[H])cc(OC(=O)C(C)CCCCC)c1",6,"CN(C)CCCN",,,"A2_T7b","CCCCCC(C)C(=O)OC1=CC(=CC(=C1)OC(=O)C(C)CCCCC)C=O",,,,,,,35,10,,"DOPE","[H][C@@](COP([O-])(OCC[NH3+])=O)(OC(CCCCCCC/C=C\\CCCCCCCC)=O)COC(CCCCCCC/C=C\\CCCCCCCC)=O",16,"Cholesterol","C[C@H](CCCC(C)C)[C@H]1CC[C@@H]2[C@@]1(CC[C@H]3[C@H]2CC=C4[C@@]3(CC[C@@H](C4)O)C)C",46.5,"PEG2000","CCCCCCCCCCCCCC(=O)OCC(COP(=O)(OCCNCC(=O)OCCOCCOCCOCCOCCOCCOCCOCCOCCOCCOCCOCCOCCOCCOCCOCCOCCOCCOCCOCCOCCOCCOCCOCCOCCOCCOCCOCCOCCOCCOCCOCCOCCOCCOCCOCCOCCOCCOCCOCCOCCOCCOCCOC)O)OC(=O)CCCCCCCCCCCCC",2.5,,,0,"citrate",,"handmixed","in_vitro","HeLa","in_vitro","in_vitro","mRNA","FLuc",0.01,"luminescence_normalized","individual",-0.232010235,"https://www.nature.com/articles/s41467-024-45422-9",38424061,34,1,1,18,476.361408,67.87,1,6,5.9715,139.2017,0.714285714,2,2,476.702,"True","False","False","6","A2","T7b","Row78","6-A2-7b","DOPE","Cholesterol","PEG2000",35,16,46.5,2.5,1,"Row119"
13101,"LNP_0013101","LX_2024","LX_2024_F80","6-A2-7b2","CCCCC(CC)C(=O)Oc1cc(CNCCCN(C)C)cc(OC(=O)C(CC)CCCC)c1","CCCCC(CC)C(=O)Oc1cc(CNCCC[N+](C)(C)[H])cc(OC(=O)C(CC)CCCC)c1",6,"CN(C)CCCN",,,"A2_T7b2","CCCCC(CC)C(=O)OC1=CC(=CC(=C1)OC(=O)C(CC)CCCC)C=O",,,,,,,35,10,,"DOPE","[H][C@@](COP([O-])(OCC[NH3+])=O)(OC(CCCCCCC/C=C\\CCCCCCCC)=O)COC(CCCCCCC/C=C\\CCCCCCCC)=O",16,"Cholesterol","C[C@H](CCCC(C)C)[C@H]1CC[C@@H]2[C@@]1(CC[C@H]3[C@H]2CC=C4[C@@]3(CC[C@@H](C4)O)C)C",46.5,"PEG2000","CCCCCCCCCCCCCC(=O)OCC(COP(=O)(OCCNCC(=O)OCCOCCOCCOCCOCCOCCOCCOCCOCCOCCOCCOCCOCCOCCOCCOCCOCCOCCOCCOCCOCCOCCOCCOCCOCCOCCOCCOCCOCCOCCOCCOCCOCCOCCOCCOCCOCCOCCOCCOCCOCCOCCOCCOC)O)OC(=O)CCCCCCCCCCCCC",2.5,,,0,"citrate",,"handmixed","in_vitro","HeLa","in_vitro","in_vitro","mRNA","FLuc",0.01,"luminescence_normalized","individual",-1.252505223,"https://www.nature.com/articles/s41467-024-45422-9",38424061,34,1,1,18,476.361408,67.87,1,6,5.9715,139.2017,0.714285714,2,2,476.702,"True","False","False","6","A2","T7b2","Row79","6-A2-7b2","DOPE","Cholesterol","PEG2000",35,16,46.5,2.5,8,"Row120"
13102,"LNP_0013102","LX_2024","LX_2024_F81","6-A2-8","CCCCCCCCC(=O)Oc1cc(CNCCCN(C)C)cc(OC(=O)CCCCCCCC)c1","CCCCCCCCC(=O)Oc1cc(CNCCC[N+](C)(C)[H])cc(OC(=O)CCCCCCCC)c1",6,"CN(C)CCCN",,,"A2_T8","CCCCCCCCC(=O)OC1=CC(=CC(=C1)OC(=O)CCCCCCCC)C=O",,,,,,,35,10,,"DOPE","[H][C@@](COP([O-])(OCC[NH3+])=O)(OC(CCCCCCC/C=C\\CCCCCCCC)=O)COC(CCCCCCC/C=C\\CCCCCCCC)=O",16,"Cholesterol","C[C@H](CCCC(C)C)[C@H]1CC[C@@H]2[C@@]1(CC[C@H]3[C@H]2CC=C4[C@@]3(CC[C@@H](C4)O)C)C",46.5,"PEG2000","CCCCCCCCCCCCCC(=O)OCC(COP(=O)(OCCNCC(=O)OCCOCCOCCOCCOCCOCCOCCOCCOCCOCCOCCOCCOCCOCCOCCOCCOCCOCCOCCOCCOCCOCCOCCOCCOCCOCCOCCOCCOCCOCCOCCOCCOCCOCCOCCOCCOCCOCCOCCOCCOCCOCCOCCOC)O)OC(=O)CCCCCCCCCCCCC",2.5,,,0,"citrate",,"handmixed","in_vitro","HeLa","in_vitro","in_vitro","mRNA","FLuc",0.01,"luminescence_normalized","individual",-0.398218105,"https://www.nature.com/articles/s41467-024-45422-9",38424061,36,1,1,22,504.3927081,67.87,1,6,7.0399,148.5757,0.733333333,0,2,504.756,"True","False","False","6","A2","T8","Row80","6-A2-8","DOPE","Cholesterol","PEG2000",35,16,46.5,2.5,1,"Row121"
13104,"LNP_0013104","LX_2024","LX_2024_F83","6-A2-9","CCCCCCCCCC(=O)Oc1cc(CNCCCN(C)C)cc(OC(=O)CCCCCCCCC)c1","CCCCCCCCCC(=O)Oc1cc(CNCCC[N+](C)(C)[H])cc(OC(=O)CCCCCCCCC)c1",6,"CN(C)CCCN",,,"A2_T9","CCCCCCCCCC(=O)OC1=CC(C=O)=CC(OC(=O)CCCCCCCCC)=C1",,,,,,,35,10,,"DOPE","[H][C@@](COP([O-])(OCC[NH3+])=O)(OC(CCCCCCC/C=C\\CCCCCCCC)=O)COC(CCCCCCC/C=C\\CCCCCCCC)=O",16,"Cholesterol","C[C@H](CCCC(C)C)[C@H]1CC[C@@H]2[C@@]1(CC[C@H]3[C@H]2CC=C4[C@@]3(CC[C@@H](C4)O)C)C",46.5,"PEG2000","CCCCCCCCCCCCCC(=O)OCC(COP(=O)(OCCNCC(=O)OCCOCCOCCOCCOCCOCCOCCOCCOCCOCCOCCOCCOCCOCCOCCOCCOCCOCCOCCOCCOCCOCCOCCOCCOCCOCCOCCOCCOCCOCCOCCOCCOCCOCCOCCOCCOCCOCCOCCOCCOCCOCCOCCOC)O)OC(=O)CCCCCCCCCCCCC",2.5,,,0,"citrate",,"handmixed","in_vitro","HeLa","in_vitro","in_vitro","mRNA","FLuc",0.01,"luminescence_normalized","individual",-0.835384535,"https://www.nature.com/articles/s41467-024-45422-9",38424061,38,1,1,24,532.4240083,67.87,1,6,7.8201,157.8097,0.75,0,2,532.81,"True","False","False","6","A2","T9","Row82","6-A2-9","DOPE","Cholesterol","PEG2000",35,16,46.5,2.5,1,"Row123"
13105,"LNP_0013105","LX_2024","LX_2024_F84","6-A2-9b","CCCCCC(C)CCC(=O)Oc1cc(CNCCCN(C)C)cc(OC(=O)CCC(C)CCCCC)c1","CCCCCC(C)CCC(=O)Oc1cc(CNCCC[N+](C)(C)[H])cc(OC(=O)CCC(C)CCCCC)c1",6,"CN(C)CCCN",,,"A2_T9b","CCCCCC(C)CCC(=O)OC1=CC(=CC(=C1)OC(=O)CCC(C)CCCCC)C=O",,,,,,,35,10,,"DOPE","[H][C@@](COP([O-])(OCC[NH3+])=O)(OC(CCCCCCC/C=C\\CCCCCCCC)=O)COC(CCCCCCC/C=C\\CCCCCCCC)=O",16,"Cholesterol","C[C@H](CCCC(C)C)[C@H]1CC[C@@H]2[C@@]1(CC[C@H]3[C@H]2CC=C4[C@@]3(CC[C@@H](C4)O)C)C",46.5,"PEG2000","CCCCCCCCCCCCCC(=O)OCC(COP(=O)(OCCNCC(=O)OCCOCCOCCOCCOCCOCCOCCOCCOCCOCCOCCOCCOCCOCCOCCOCCOCCOCCOCCOCCOCCOCCOCCOCCOCCOCCOCCOCCOCCOCCOCCOCCOCCOCCOCCOCCOCCOCCOCCOCCOCCOCCOCCOC)O)OC(=O)CCCCCCCCCCCCC",2.5,,,0,"citrate",,"handmixed","in_vitro","HeLa","in_vitro","in_vitro","mRNA","FLuc",0.01,"luminescence_normalized","individual",-0.122827149,"https://www.nature.com/articles/s41467-024-45422-9",38424061,38,1,1,22,532.4240083,67.87,1,6,7.5319,157.6697,0.75,2,2,532.81,"True","False","False","6","A2","T9b","Row83","6-A2-9b","DOPE","Cholesterol","PEG2000",35,16,46.5,2.5,1,"Row124"
13106,"LNP_0013106","LX_2024","LX_2024_F85","6-A2-9b2","CCCCC(CC)CCC(=O)Oc1cc(CNCCCN(C)C)cc(OC(=O)CCC(CC)CCCC)c1","CCCCC(CC)CCC(=O)Oc1cc(CNCCC[N+](C)(C)[H])cc(OC(=O)CCC(CC)CCCC)c1",6,"CN(C)CCCN",,,"A2_T9b2","CCCCC(CC)CCC(=O)OC1=CC(=CC(=C1)OC(=O)CCC(CC)CCCC)C=O",,,,,,,35,10,,"DOPE","[H][C@@](COP([O-])(OCC[NH3+])=O)(OC(CCCCCCC/C=C\\CCCCCCCC)=O)COC(CCCCCCC/C=C\\CCCCCCCC)=O",16,"Cholesterol","C[C@H](CCCC(C)C)[C@H]1CC[C@@H]2[C@@]1(CC[C@H]3[C@H]2CC=C4[C@@]3(CC[C@@H](C4)O)C)C",46.5,"PEG2000","CCCCCCCCCCCCCC(=O)OCC(COP(=O)(OCCNCC(=O)OCCOCCOCCOCCOCCOCCOCCOCCOCCOCCOCCOCCOCCOCCOCCOCCOCCOCCOCCOCCOCCOCCOCCOCCOCCOCCOCCOCCOCCOCCOCCOCCOCCOCCOCCOCCOCCOCCOCCOCCOCCOCCOCCOC)O)OC(=O)CCCCCCCCCCCCC",2.5,,,0,"citrate",,"handmixed","in_vitro","HeLa","in_vitro","in_vitro","mRNA","FLuc",0.01,"luminescence_normalized","individual",-0.687737885,"https://www.nature.com/articles/s41467-024-45422-9",38424061,38,1,1,22,532.4240083,67.87,1,6,7.5319,157.6697,0.75,2,2,532.81,"True","False","False","6","A2","T9b2","Row84","6-A2-9b2","DOPE","Cholesterol","PEG2000",35,16,46.5,2.5,1,"Row125"
13108,"LNP_0013108","LX_2024","LX_2024_F87","6-A3-7b","CCCCCC(C)C(=O)Oc1cc(OC(=O)C(C)CCCCC)c(CNCCCN(C)C)c(OC(=O)C(C)CCCCC)c1","CCCCCC(C)C(=O)Oc1cc(OC(=O)C(C)CCCCC)c(CNCCC[N+](C)(C)[H])c(OC(=O)C(C)CCCCC)c1",6,"CN(C)CCCN",,,"A3_T7b","CCCCCC(C)C(=O)OC1=CC(=C(C=O)C(=C1)OC(=O)C(C)CCCCC)OC(=O)C(C)CCCCC",,,,,,,35,10,,"DOPE","[H][C@@](COP([O-])(OCC[NH3+])=O)(OC(CCCCCCC/C=C\\CCCCCCCC)=O)COC(CCCCCCC/C=C\\CCCCCCCC)=O",16,"Cholesterol","C[C@H](CCCC(C)C)[C@H]1CC[C@@H]2[C@@]1(CC[C@H]3[C@H]2CC=C4[C@@]3(CC[C@@H](C4)O)C)C",46.5,"PEG2000","CCCCCCCCCCCCCC(=O)OCC(COP(=O)(OCCNCC(=O)OCCOCCOCCOCCOCCOCCOCCOCCOCCOCCOCCOCCOCCOCCOCCOCCOCCOCCOCCOCCOCCOCCOCCOCCOCCOCCOCCOCCOCCOCCOCCOCCOCCOCCOCCOCCOCCOCCOCCOCCOCCOCCOCCOC)O)OC(=O)CCCCCCCCCCCCC",2.5,,,0,"citrate",,"handmixed","in_vitro","HeLa","in_vitro","in_vitro","mRNA","FLuc",0.01,"luminescence_normalized","individual",-0.761244588,"https://www.nature.com/articles/s41467-024-45422-9",38424061,44,1,1,24,618.4607877,94.17,1,8,8.0933,178.1427,0.75,3,2,618.9,"True","False","False","6","A3","T7b","Row86","6-A3-7b","DOPE","Cholesterol","PEG2000",35,16,46.5,2.5,1,"Row127"
13110,"LNP_0013110","LX_2024","LX_2024_F89","6-A3-8b","CCCCC(C)CCC(=O)Oc1cc(OC(=O)CCC(C)CCCC)c(CNCCCN(C)C)c(OC(=O)CCC(C)CCCC)c1","CCCCC(C)CCC(=O)Oc1cc(OC(=O)CCC(C)CCCC)c(CNCCC[N+](C)(C)[H])c(OC(=O)CCC(C)CCCC)c1",6,"CN(C)CCCN",,,"A3_T8b","CCCCC(C)CCC(=O)OC1=CC(=C(C=O)C(=C1)OC(=O)CCC(C)CCCC)OC(=O)CCC(C)CCCC",,,,,,,35,10,,"DOPE","[H][C@@](COP([O-])(OCC[NH3+])=O)(OC(CCCCCCC/C=C\\CCCCCCCC)=O)COC(CCCCCCC/C=C\\CCCCCCCC)=O",16,"Cholesterol","C[C@H](CCCC(C)C)[C@H]1CC[C@@H]2[C@@]1(CC[C@H]3[C@H]2CC=C4[C@@]3(CC[C@@H](C4)O)C)C",46.5,"PEG2000","CCCCCCCCCCCCCC(=O)OCC(COP(=O)(OCCNCC(=O)OCCOCCOCCOCCOCCOCCOCCOCCOCCOCCOCCOCCOCCOCCOCCOCCOCCOCCOCCOCCOCCOCCOCCOCCOCCOCCOCCOCCOCCOCCOCCOCCOCCOCCOCCOCCOCCOCCOCCOCCOCCOCCOCCOC)O)OC(=O)CCCCCCCCCCCCC",2.5,,,0,"citrate",,"handmixed","in_vitro","HeLa","in_vitro","in_vitro","mRNA","FLuc",0.01,"luminescence_normalized","individual",-0.131008961,"https://www.nature.com/articles/s41467-024-45422-9",38424061,47,1,1,27,660.5077379,94.17,1,8,9.2636,191.9937,0.769230769,3,2,660.981,"True","False","False","6","A3","T8b","Row88","6-A3-8b","DOPE","Cholesterol","PEG2000",35,16,46.5,2.5,1,"Row129"
13111,"LNP_0013111","LX_2024","LX_2024_F90","6-A3-9b2","CCCCC(CC)CCC(=O)Oc1cc(OC(=O)CCC(CC)CCCC)c(CNCCCN(C)C)c(OC(=O)CCC(CC)CCCC)c1","CCCCC(CC)CCC(=O)Oc1cc(OC(=O)CCC(CC)CCCC)c(CNCCC[N+](C)(C)[H])c(OC(=O)CCC(CC)CCCC)c1",6,"CN(C)CCCN",,,"A3_T9b2","CCCCC(CC)CCC(=O)OC1=CC(=C(C=O)C(=C1)OC(=O)CCC(CC)CCCC)OC(=O)CCC(CC)CCCC",,,,,,,35,10,,"DOPE","[H][C@@](COP([O-])(OCC[NH3+])=O)(OC(CCCCCCC/C=C\\CCCCCCCC)=O)COC(CCCCCCC/C=C\\CCCCCCCC)=O",16,"Cholesterol","C[C@H](CCCC(C)C)[C@H]1CC[C@@H]2[C@@]1(CC[C@H]3[C@H]2CC=C4[C@@]3(CC[C@@H](C4)O)C)C",46.5,"PEG2000","CCCCCCCCCCCCCC(=O)OCC(COP(=O)(OCCNCC(=O)OCCOCCOCCOCCOCCOCCOCCOCCOCCOCCOCCOCCOCCOCCOCCOCCOCCOCCOCCOCCOCCOCCOCCOCCOCCOCCOCCOCCOCCOCCOCCOCCOCCOCCOCCOCCOCCOCCOCCOCCOCCOCCOCCOC)O)OC(=O)CCCCCCCCCCCCC",2.5,,,0,"citrate",,"handmixed","in_vitro","HeLa","in_vitro","in_vitro","mRNA","FLuc",0.01,"luminescence_normalized","individual",0.11019267,"https://www.nature.com/articles/s41467-024-45422-9",38424061,50,1,1,30,702.5546881,94.17,1,8,10.4339,205.8447,0.785714286,3,2,703.062,"True","False","False","6","A3","T9b2","Row89","6-A3-9b2","DOPE","Cholesterol","PEG2000",35,16,46.5,2.5,1,"Row130"
13112,"LNP_0013112","LX_2024","LX_2024_F91","7-A2-6","CCCCCCC(=O)Oc1cc(CNCCN(CC)CC)cc(OC(=O)CCCCCC)c1","CCCCCCC(=O)Oc1cc(CNCC[N+](CC)(CC)[H])cc(OC(=O)CCCCCC)c1",7,"CCN(CC)CCN",,,"A2_T6","CCCCCCC(=O)OC1=CC(C=O)=CC(OC(=O)CCCCCC)=C1",,,,,,,35,10,,"DOPE","[H][C@@](COP([O-])(OCC[NH3+])=O)(OC(CCCCCCC/C=C\\CCCCCCCC)=O)COC(CCCCCCC/C=C\\CCCCCCCC)=O",16,"Cholesterol","C[C@H](CCCC(C)C)[C@H]1CC[C@@H]2[C@@]1(CC[C@H]3[C@H]2CC=C4[C@@]3(CC[C@@H](C4)O)C)C",46.5,"PEG2000","CCCCCCCCCCCCCC(=O)OCC(COP(=O)(OCCNCC(=O)OCCOCCOCCOCCOCCOCCOCCOCCOCCOCCOCCOCCOCCOCCOCCOCCOCCOCCOCCOCCOCCOCCOCCOCCOCCOCCOCCOCCOCCOCCOCCOCCOCCOCCOCCOCCOCCOCCOCCOCCOCCOCCOCCOC)O)OC(=O)CCCCCCCCCCCCC",2.5,,,0,"citrate",,"handmixed","in_vitro","HeLa","in_vitro","in_vitro","mRNA","FLuc",0.01,"luminescence_normalized","individual",0.554067887,"https://www.nature.com/articles/s41467-024-45422-9",38424061,33,1,1,19,462.345758,67.87,1,6,5.8696,134.7247,0.703703704,0,2,462.675,"True","False","False","7","A2","T6","Row90","7-A2-6","DOPE","Cholesterol","PEG2000",35,16,46.5,2.5,1,"Row131"
13113,"LNP_0013113","LX_2024","LX_2024_F92","7-A2-6b","CCCCC(C)C(=O)Oc1cc(CNCCN(CC)CC)cc(OC(=O)C(C)CCCC)c1","CCCCC(C)C(=O)Oc1cc(CNCC[N+](CC)(CC)[H])cc(OC(=O)C(C)CCCC)c1",7,"CCN(CC)CCN",,,"A2_T6b","CCCCC(C)C(=O)OC1=CC(=CC(=C1)OC(=O)C(C)CCCC)C=O",,,,,,,35,10,,"DOPE","[H][C@@](COP([O-])(OCC[NH3+])=O)(OC(CCCCCCC/C=C\\CCCCCCCC)=O)COC(CCCCCCC/C=C\\CCCCCCCC)=O",16,"Cholesterol","C[C@H](CCCC(C)C)[C@H]1CC[C@@H]2[C@@]1(CC[C@H]3[C@H]2CC=C4[C@@]3(CC[C@@H](C4)O)C)C",46.5,"PEG2000","CCCCCCCCCCCCCC(=O)OCC(COP(=O)(OCCNCC(=O)OCCOCCOCCOCCOCCOCCOCCOCCOCCOCCOCCOCCOCCOCCOCCOCCOCCOCCOCCOCCOCCOCCOCCOCCOCCOCCOCCOCCOCCOCCOCCOCCOCCOCCOCCOCCOCCOCCOCCOCCOCCOCCOCCOC)O)OC(=O)CCCCCCCCCCCCC",2.5,,,0,"citrate",,"handmixed","in_vitro","HeLa","in_vitro","in_vitro","mRNA","FLuc",0.01,"luminescence_normalized","individual",-0.974398459,"https://www.nature.com/articles/s41467-024-45422-9",38424061,33,1,1,17,462.345758,67.87,1,6,5.5814,134.5847,0.703703704,2,2,462.675,"True","False","False","7","A2","T6b","Row91","7-A2-6b","DOPE","Cholesterol","PEG2000",35,16,46.5,2.5,1,"Row132"
13114,"LNP_0013114","LX_2024","LX_2024_F93","7-A2-7","CCCCCCCC(=O)Oc1cc(CNCCN(CC)CC)cc(OC(=O)CCCCCCC)c1","CCCCCCCC(=O)Oc1cc(CNCC[N+](CC)(CC)[H])cc(OC(=O)CCCCCCC)c1",7,"CCN(CC)CCN",,,"A2_T7","CCCCCCCC(=O)OC1=CC(C=O)=CC(OC(=O)CCCCCCC)=C1",,,,,,,35,10,,"DOPE","[H][C@@](COP([O-])(OCC[NH3+])=O)(OC(CCCCCCC/C=C\\CCCCCCCC)=O)COC(CCCCCCC/C=C\\CCCCCCCC)=O",16,"Cholesterol","C[C@H](CCCC(C)C)[C@H]1CC[C@@H]2[C@@]1(CC[C@H]3[C@H]2CC=C4[C@@]3(CC[C@@H](C4)O)C)C",46.5,"PEG2000","CCCCCCCCCCCCCC(=O)OCC(COP(=O)(OCCNCC(=O)OCCOCCOCCOCCOCCOCCOCCOCCOCCOCCOCCOCCOCCOCCOCCOCCOCCOCCOCCOCCOCCOCCOCCOCCOCCOCCOCCOCCOCCOCCOCCOCCOCCOCCOCCOCCOCCOCCOCCOCCOCCOCCOCCOC)O)OC(=O)CCCCCCCCCCCCC",2.5,,,0,"citrate",,"handmixed","in_vitro","HeLa","in_vitro","in_vitro","mRNA","FLuc",0.01,"luminescence_normalized","individual",-0.270898679,"https://www.nature.com/articles/s41467-024-45422-9",38424061,35,1,1,21,490.3770581,67.87,1,6,6.6498,143.9587,0.724137931,0,2,490.729,"True","False","False","7","A2","T7","Row92","7-A2-7","DOPE","Cholesterol","PEG2000",35,16,46.5,2.5,1,"Row133"
13115,"LNP_0013115","LX_2024","LX_2024_F94","7-A2-7b","CCCCCC(C)C(=O)Oc1cc(CNCCN(CC)CC)cc(OC(=O)C(C)CCCCC)c1","CCCCCC(C)C(=O)Oc1cc(CNCC[N+](CC)(CC)[H])cc(OC(=O)C(C)CCCCC)c1",7,"CCN(CC)CCN",,,"A2_T7b","CCCCCC(C)C(=O)OC1=CC(=CC(=C1)OC(=O)C(C)CCCCC)C=O",,,,,,,35,10,,"DOPE","[H][C@@](COP([O-])(OCC[NH3+])=O)(OC(CCCCCCC/C=C\\CCCCCCCC)=O)COC(CCCCCCC/C=C\\CCCCCCCC)=O",16,"Cholesterol","C[C@H](CCCC(C)C)[C@H]1CC[C@@H]2[C@@]1(CC[C@H]3[C@H]2CC=C4[C@@]3(CC[C@@H](C4)O)C)C",46.5,"PEG2000","CCCCCCCCCCCCCC(=O)OCC(COP(=O)(OCCNCC(=O)OCCOCCOCCOCCOCCOCCOCCOCCOCCOCCOCCOCCOCCOCCOCCOCCOCCOCCOCCOCCOCCOCCOCCOCCOCCOCCOCCOCCOCCOCCOCCOCCOCCOCCOCCOCCOCCOCCOCCOCCOCCOCCOCCOC)O)OC(=O)CCCCCCCCCCCCC",2.5,,,0,"citrate",,"handmixed","in_vitro","HeLa","in_vitro","in_vitro","mRNA","FLuc",0.01,"luminescence_normalized","individual",-0.086256845,"https://www.nature.com/articles/s41467-024-45422-9",38424061,35,1,1,19,490.3770581,67.87,1,6,6.3616,143.8187,0.724137931,2,2,490.729,"True","False","False","7","A2","T7b","Row93","7-A2-7b","DOPE","Cholesterol","PEG2000",35,16,46.5,2.5,1,"Row134"
13116,"LNP_0013116","LX_2024","LX_2024_F95","7-A2-7b2","CCCCC(CC)C(=O)Oc1cc(CNCCN(CC)CC)cc(OC(=O)C(CC)CCCC)c1","CCCCC(CC)C(=O)Oc1cc(CNCC[N+](CC)(CC)[H])cc(OC(=O)C(CC)CCCC)c1",7,"CCN(CC)CCN",,,"A2_T7b2","CCCCC(CC)C(=O)OC1=CC(=CC(=C1)OC(=O)C(CC)CCCC)C=O",,,,,,,35,10,,"DOPE","[H][C@@](COP([O-])(OCC[NH3+])=O)(OC(CCCCCCC/C=C\\CCCCCCCC)=O)COC(CCCCCCC/C=C\\CCCCCCCC)=O",16,"Cholesterol","C[C@H](CCCC(C)C)[C@H]1CC[C@@H]2[C@@]1(CC[C@H]3[C@H]2CC=C4[C@@]3(CC[C@@H](C4)O)C)C",46.5,"PEG2000","CCCCCCCCCCCCCC(=O)OCC(COP(=O)(OCCNCC(=O)OCCOCCOCCOCCOCCOCCOCCOCCOCCOCCOCCOCCOCCOCCOCCOCCOCCOCCOCCOCCOCCOCCOCCOCCOCCOCCOCCOCCOCCOCCOCCOCCOCCOCCOCCOCCOCCOCCOCCOCCOCCOCCOCCOC)O)OC(=O)CCCCCCCCCCCCC",2.5,,,0,"citrate",,"handmixed","in_vitro","HeLa","in_vitro","in_vitro","mRNA","FLuc",0.01,"luminescence_normalized","individual",-0.187111924,"https://www.nature.com/articles/s41467-024-45422-9",38424061,35,1,1,19,490.3770581,67.87,1,6,6.3616,143.8187,0.724137931,2,2,490.729,"True","False","False","7","A2","T7b2","Row94","7-A2-7b2","DOPE","Cholesterol","PEG2000",35,16,46.5,2.5,1,"Row135"
13117,"LNP_0013117","LX_2024","LX_2024_F96","7-A2-8","CCCCCCCCC(=O)Oc1cc(CNCCN(CC)CC)cc(OC(=O)CCCCCCCC)c1","CCCCCCCCC(=O)Oc1cc(CNCC[N+](CC)(CC)[H])cc(OC(=O)CCCCCCCC)c1",7,"CCN(CC)CCN",,,"A2_T8","CCCCCCCCC(=O)OC1=CC(=CC(=C1)OC(=O)CCCCCCCC)C=O",,,,,,,35,10,,"DOPE","[H][C@@](COP([O-])(OCC[NH3+])=O)(OC(CCCCCCC/C=C\\CCCCCCCC)=O)COC(CCCCCCC/C=C\\CCCCCCCC)=O",16,"Cholesterol","C[C@H](CCCC(C)C)[C@H]1CC[C@@H]2[C@@]1(CC[C@H]3[C@H]2CC=C4[C@@]3(CC[C@@H](C4)O)C)C",46.5,"PEG2000","CCCCCCCCCCCCCC(=O)OCC(COP(=O)(OCCNCC(=O)OCCOCCOCCOCCOCCOCCOCCOCCOCCOCCOCCOCCOCCOCCOCCOCCOCCOCCOCCOCCOCCOCCOCCOCCOCCOCCOCCOCCOCCOCCOCCOCCOCCOCCOCCOCCOCCOCCOCCOCCOCCOCCOCCOC)O)OC(=O)CCCCCCCCCCCCC",2.5,,,0,"citrate",,"handmixed","in_vitro","HeLa","in_vitro","in_vitro","mRNA","FLuc",0.01,"luminescence_normalized","individual",-0.551147621,"https://www.nature.com/articles/s41467-024-45422-9",38424061,37,1,1,23,518.4083582,67.87,1,6,7.43,153.1927,0.741935484,0,2,518.783,"True","False","False","7","A2","T8","Row95","7-A2-8","DOPE","Cholesterol","PEG2000",35,16,46.5,2.5,1,"Row136"
13119,"LNP_0013119","LX_2024","LX_2024_F98","7-A2-9","CCCCCCCCCC(=O)Oc1cc(CNCCN(CC)CC)cc(OC(=O)CCCCCCCCC)c1","CCCCCCCCCC(=O)Oc1cc(CNCC[N+](CC)(CC)[H])cc(OC(=O)CCCCCCCCC)c1",7,"CCN(CC)CCN",,,"A2_T9","CCCCCCCCCC(=O)OC1=CC(C=O)=CC(OC(=O)CCCCCCCCC)=C1",,,,,,,35,10,,"DOPE","[H][C@@](COP([O-])(OCC[NH3+])=O)(OC(CCCCCCC/C=C\\CCCCCCCC)=O)COC(CCCCCCC/C=C\\CCCCCCCC)=O",16,"Cholesterol","C[C@H](CCCC(C)C)[C@H]1CC[C@@H]2[C@@]1(CC[C@H]3[C@H]2CC=C4[C@@]3(CC[C@@H](C4)O)C)C",46.5,"PEG2000","CCCCCCCCCCCCCC(=O)OCC(COP(=O)(OCCNCC(=O)OCCOCCOCCOCCOCCOCCOCCOCCOCCOCCOCCOCCOCCOCCOCCOCCOCCOCCOCCOCCOCCOCCOCCOCCOCCOCCOCCOCCOCCOCCOCCOCCOCCOCCOCCOCCOCCOCCOCCOCCOCCOCCOCCOC)O)OC(=O)CCCCCCCCCCCCC",2.5,,,0,"citrate",,"handmixed","in_vitro","HeLa","in_vitro","in_vitro","mRNA","FLuc",0.01,"luminescence_normalized","individual",-1.280574781,"https://www.nature.com/articles/s41467-024-45422-9",38424061,39,1,1,25,546.4396583,67.87,1,6,8.2102,162.4267,0.757575758,0,2,546.837,"True","False","False","7","A2","T9","Row97","7-A2-9","DOPE","Cholesterol","PEG2000",35,16,46.5,2.5,1,"Row138"
13120,"LNP_0013120","LX_2024","LX_2024_F99","7-A2-9b","CCCCCC(C)CCC(=O)Oc1cc(CNCCN(CC)CC)cc(OC(=O)CCC(C)CCCCC)c1","CCCCCC(C)CCC(=O)Oc1cc(CNCC[N+](CC)(CC)[H])cc(OC(=O)CCC(C)CCCCC)c1",7,"CCN(CC)CCN",,,"A2_T9b","CCCCCC(C)CCC(=O)OC1=CC(=CC(=C1)OC(=O)CCC(C)CCCCC)C=O",,,,,,,35,10,,"DOPE","[H][C@@](COP([O-])(OCC[NH3+])=O)(OC(CCCCCCC/C=C\\CCCCCCCC)=O)COC(CCCCCCC/C=C\\CCCCCCCC)=O",16,"Cholesterol","C[C@H](CCCC(C)C)[C@H]1CC[C@@H]2[C@@]1(CC[C@H]3[C@H]2CC=C4[C@@]3(CC[C@@H](C4)O)C)C",46.5,"PEG2000","CCCCCCCCCCCCCC(=O)OCC(COP(=O)(OCCNCC(=O)OCCOCCOCCOCCOCCOCCOCCOCCOCCOCCOCCOCCOCCOCCOCCOCCOCCOCCOCCOCCOCCOCCOCCOCCOCCOCCOCCOCCOCCOCCOCCOCCOCCOCCOCCOCCOCCOCCOCCOCCOCCOCCOCCOC)O)OC(=O)CCCCCCCCCCCCC",2.5,,,0,"citrate",,"handmixed","in_vitro","HeLa","in_vitro","in_vitro","mRNA","FLuc",0.01,"luminescence_normalized","individual",-0.842401367,"https://www.nature.com/articles/s41467-024-45422-9",38424061,39,1,1,23,546.4396583,67.87,1,6,7.922,162.2867,0.757575758,2,2,546.837,"True","False","False","7","A2","T9b","Row98","7-A2-9b","DOPE","Cholesterol","PEG2000",35,16,46.5,2.5,1,"Row139"
13121,"LNP_0013121","LX_2024","LX_2024_F100","7-A2-9b2","CCCCC(CC)CCC(=O)Oc1cc(CNCCN(CC)CC)cc(OC(=O)CCC(CC)CCCC)c1","CCCCC(CC)CCC(=O)Oc1cc(CNCC[N+](CC)(CC)[H])cc(OC(=O)CCC(CC)CCCC)c1",7,"CCN(CC)CCN",,,"A2_T9b2","CCCCC(CC)CCC(=O)OC1=CC(=CC(=C1)OC(=O)CCC(CC)CCCC)C=O",,,,,,,35,10,,"DOPE","[H][C@@](COP([O-])(OCC[NH3+])=O)(OC(CCCCCCC/C=C\\CCCCCCCC)=O)COC(CCCCCCC/C=C\\CCCCCCCC)=O",16,"Cholesterol","C[C@H](CCCC(C)C)[C@H]1CC[C@@H]2[C@@]1(CC[C@H]3[C@H]2CC=C4[C@@]3(CC[C@@H](C4)O)C)C",46.5,"PEG2000","CCCCCCCCCCCCCC(=O)OCC(COP(=O)(OCCNCC(=O)OCCOCCOCCOCCOCCOCCOCCOCCOCCOCCOCCOCCOCCOCCOCCOCCOCCOCCOCCOCCOCCOCCOCCOCCOCCOCCOCCOCCOCCOCCOCCOCCOCCOCCOCCOCCOCCOCCOCCOCCOCCOCCOCCOC)O)OC(=O)CCCCCCCCCCCCC",2.5,,,0,"citrate",,"handmixed","in_vitro","HeLa","in_vitro","in_vitro","mRNA","FLuc",0.01,"luminescence_normalized","individual",-0.6416825,"https://www.nature.com/articles/s41467-024-45422-9",38424061,39,1,1,23,546.4396583,67.87,1,6,7.922,162.2867,0.757575758,2,2,546.837,"True","False","False","7","A2","T9b2","Row99","7-A2-9b2","DOPE","Cholesterol","PEG2000",35,16,46.5,2.5,1,"Row140"
13122,"LNP_0013122","LX_2024","LX_2024_F101","7-A3-6b","CCCCC(C)C(=O)Oc1cc(OC(=O)C(C)CCCC)c(CNCCN(CC)CC)c(OC(=O)C(C)CCCC)c1","CCCCC(C)C(=O)Oc1cc(OC(=O)C(C)CCCC)c(CNCC[N+](CC)(CC)[H])c(OC(=O)C(C)CCCC)c1",7,"CCN(CC)CCN",,,"A3_T6b","CCCCCCC(=O)OC1=CC(=CC(=C1OC(=O)CCCCCC)OC(=O)CCCCCC)C=O",,,,,,,35,10,,"DOPE","[H][C@@](COP([O-])(OCC[NH3+])=O)(OC(CCCCCCC/C=C\\CCCCCCCC)=O)COC(CCCCCCC/C=C\\CCCCCCCC)=O",16,"Cholesterol","C[C@H](CCCC(C)C)[C@H]1CC[C@@H]2[C@@]1(CC[C@H]3[C@H]2CC=C4[C@@]3(CC[C@@H](C4)O)C)C",46.5,"PEG2000","CCCCCCCCCCCCCC(=O)OCC(COP(=O)(OCCNCC(=O)OCCOCCOCCOCCOCCOCCOCCOCCOCCOCCOCCOCCOCCOCCOCCOCCOCCOCCOCCOCCOCCOCCOCCOCCOCCOCCOCCOCCOCCOCCOCCOCCOCCOCCOCCOCCOCCOCCOCCOCCOCCOCCOCCOC)O)OC(=O)CCCCCCCCCCCCC",2.5,,,0,"citrate",,"handmixed","in_vitro","HeLa","in_vitro","in_vitro","mRNA","FLuc",0.01,"luminescence_normalized","individual",0.484505377,"https://www.nature.com/articles/s41467-024-45422-9",38424061,42,1,1,22,590.4294876,94.17,1,8,7.3131,168.9087,0.735294118,3,2,590.846,"True","False","False","7","A3","T6b","Row100","7-A3-6b","DOPE","Cholesterol","PEG2000",35,16,46.5,2.5,1,"Row141"
13124,"LNP_0013124","LX_2024","LX_2024_F103","7-A3-7b2","CCCCC(CC)C(=O)Oc1cc(OC(=O)C(CC)CCCC)c(CNCCN(CC)CC)c(OC(=O)C(CC)CCCC)c1","CCCCC(CC)C(=O)Oc1cc(OC(=O)C(CC)CCCC)c(CNCC[N+](CC)(CC)[H])c(OC(=O)C(CC)CCCC)c1",7,"CCN(CC)CCN",,,"A3_T7b2","CCCCC(CC)C(=O)OC1=CC(OC(=O)C(CC)CCCC)=C(C=O)C(OC(=O)C(CC)CCCC)=C1",,,,,,,35,10,,"DOPE","[H][C@@](COP([O-])(OCC[NH3+])=O)(OC(CCCCCCC/C=C\\CCCCCCCC)=O)COC(CCCCCCC/C=C\\CCCCCCCC)=O",16,"Cholesterol","C[C@H](CCCC(C)C)[C@H]1CC[C@@H]2[C@@]1(CC[C@H]3[C@H]2CC=C4[C@@]3(CC[C@@H](C4)O)C)C",46.5,"PEG2000","CCCCCCCCCCCCCC(=O)OCC(COP(=O)(OCCNCC(=O)OCCOCCOCCOCCOCCOCCOCCOCCOCCOCCOCCOCCOCCOCCOCCOCCOCCOCCOCCOCCOCCOCCOCCOCCOCCOCCOCCOCCOCCOCCOCCOCCOCCOCCOCCOCCOCCOCCOCCOCCOCCOCCOCCOC)O)OC(=O)CCCCCCCCCCCCC",2.5,,,0,"citrate",,"handmixed","in_vitro","HeLa","in_vitro","in_vitro","mRNA","FLuc",0.01,"luminescence_normalized","individual",-0.254538724,"https://www.nature.com/articles/s41467-024-45422-9",38424061,45,1,1,25,632.4764378,94.17,1,8,8.4834,182.7597,0.756756757,3,2,632.927,"True","False","False","7","A3","T7b2","Row102","7-A3-7b2","DOPE","Cholesterol","PEG2000",35,16,46.5,2.5,1,"Row143"
13127,"LNP_0013127","LX_2024","LX_2024_F106","8-A2-6","CCCCCCC(=O)Oc1cc(CNCCCN(CC)CC)cc(OC(=O)CCCCCC)c1","CCCCCCC(=O)Oc1cc(CNCCC[N+](CC)(CC)[H])cc(OC(=O)CCCCCC)c1",8,"CCN(CC)CCCN",,,"A2_T6","CCCCCCC(=O)OC1=CC(C=O)=CC(OC(=O)CCCCCC)=C1",,,,,,,35,10,,"DOPE","[H][C@@](COP([O-])(OCC[NH3+])=O)(OC(CCCCCCC/C=C\\CCCCCCCC)=O)COC(CCCCCCC/C=C\\CCCCCCCC)=O",16,"Cholesterol","C[C@H](CCCC(C)C)[C@H]1CC[C@@H]2[C@@]1(CC[C@H]3[C@H]2CC=C4[C@@]3(CC[C@@H](C4)O)C)C",46.5,"PEG2000","CCCCCCCCCCCCCC(=O)OCC(COP(=O)(OCCNCC(=O)OCCOCCOCCOCCOCCOCCOCCOCCOCCOCCOCCOCCOCCOCCOCCOCCOCCOCCOCCOCCOCCOCCOCCOCCOCCOCCOCCOCCOCCOCCOCCOCCOCCOCCOCCOCCOCCOCCOCCOCCOCCOCCOCCOC)O)OC(=O)CCCCCCCCCCCCC",2.5,,,0,"citrate",,"handmixed","in_vitro","HeLa","in_vitro","in_vitro","mRNA","FLuc",0.01,"luminescence_normalized","individual",0.51994519,"https://www.nature.com/articles/s41467-024-45422-9",38424061,34,1,1,20,476.361408,67.87,1,6,6.2597,139.3417,0.714285714,0,2,476.702,"True","False","False","8","A2","T6","Row105","8-A2-6","DOPE","Cholesterol","PEG2000",35,16,46.5,2.5,1,"Row146"
13128,"LNP_0013128","LX_2024","LX_2024_F107","8-A2-6b","CCCCC(C)C(=O)Oc1cc(CNCCCN(CC)CC)cc(OC(=O)C(C)CCCC)c1","CCCCC(C)C(=O)Oc1cc(CNCCC[N+](CC)(CC)[H])cc(OC(=O)C(C)CCCC)c1",8,"CCN(CC)CCCN",,,"A2_T6b","CCCCC(C)C(=O)OC1=CC(=CC(=C1)OC(=O)C(C)CCCC)C=O",,,,,,,35,10,,"DOPE","[H][C@@](COP([O-])(OCC[NH3+])=O)(OC(CCCCCCC/C=C\\CCCCCCCC)=O)COC(CCCCCCC/C=C\\CCCCCCCC)=O",16,"Cholesterol","C[C@H](CCCC(C)C)[C@H]1CC[C@@H]2[C@@]1(CC[C@H]3[C@H]2CC=C4[C@@]3(CC[C@@H](C4)O)C)C",46.5,"PEG2000","CCCCCCCCCCCCCC(=O)OCC(COP(=O)(OCCNCC(=O)OCCOCCOCCOCCOCCOCCOCCOCCOCCOCCOCCOCCOCCOCCOCCOCCOCCOCCOCCOCCOCCOCCOCCOCCOCCOCCOCCOCCOCCOCCOCCOCCOCCOCCOCCOCCOCCOCCOCCOCCOCCOCCOCCOC)O)OC(=O)CCCCCCCCCCCCC",2.5,,,0,"citrate",,"handmixed","in_vitro","HeLa","in_vitro","in_vitro","mRNA","FLuc",0.01,"luminescence_normalized","individual",0.047012653,"https://www.nature.com/articles/s41467-024-45422-9",38424061,34,1,1,18,476.361408,67.87,1,6,5.9715,139.2017,0.714285714,2,2,476.702,"True","False","False","8","A2","T6b","Row106","8-A2-6b","DOPE","Cholesterol","PEG2000",35,16,46.5,2.5,1,"Row147"
13129,"LNP_0013129","LX_2024","LX_2024_F108","8-A2-7","CCCCCCCC(=O)Oc1cc(CNCCCN(CC)CC)cc(OC(=O)CCCCCCC)c1","CCCCCCCC(=O)Oc1cc(CNCCC[N+](CC)(CC)[H])cc(OC(=O)CCCCCCC)c1",8,"CCN(CC)CCCN",,,"A2_T7","CCCCCCCC(=O)OC1=CC(C=O)=CC(OC(=O)CCCCCCC)=C1",,,,,,,35,10,,"DOPE","[H][C@@](COP([O-])(OCC[NH3+])=O)(OC(CCCCCCC/C=C\\CCCCCCCC)=O)COC(CCCCCCC/C=C\\CCCCCCCC)=O",16,"Cholesterol","C[C@H](CCCC(C)C)[C@H]1CC[C@@H]2[C@@]1(CC[C@H]3[C@H]2CC=C4[C@@]3(CC[C@@H](C4)O)C)C",46.5,"PEG2000","CCCCCCCCCCCCCC(=O)OCC(COP(=O)(OCCNCC(=O)OCCOCCOCCOCCOCCOCCOCCOCCOCCOCCOCCOCCOCCOCCOCCOCCOCCOCCOCCOCCOCCOCCOCCOCCOCCOCCOCCOCCOCCOCCOCCOCCOCCOCCOCCOCCOCCOCCOCCOCCOCCOCCOCCOC)O)OC(=O)CCCCCCCCCCCCC",2.5,,,0,"citrate",,"handmixed","in_vitro","HeLa","in_vitro","in_vitro","mRNA","FLuc",0.01,"luminescence_normalized","individual",-1.794484551,"https://www.nature.com/articles/s41467-024-45422-9",38424061,36,1,1,22,504.3927081,67.87,1,6,7.0399,148.5757,0.733333333,0,2,504.756,"True","False","False","8","A2","T7","Row107","8-A2-7","DOPE","Cholesterol","PEG2000",35,16,46.5,2.5,1,"Row148"
13132,"LNP_0013132","LX_2024","LX_2024_F111","8-A2-8","CCCCCCCCC(=O)Oc1cc(CNCCCN(CC)CC)cc(OC(=O)CCCCCCCC)c1","CCCCCCCCC(=O)Oc1cc(CNCCC[N+](CC)(CC)[H])cc(OC(=O)CCCCCCCC)c1",8,"CCN(CC)CCCN",,,"A2_T8","CCCCCCCCC(=O)OC1=CC(=CC(=C1)OC(=O)CCCCCCCC)C=O",,,,,,,35,10,,"DOPE","[H][C@@](COP([O-])(OCC[NH3+])=O)(OC(CCCCCCC/C=C\\CCCCCCCC)=O)COC(CCCCCCC/C=C\\CCCCCCCC)=O",16,"Cholesterol","C[C@H](CCCC(C)C)[C@H]1CC[C@@H]2[C@@]1(CC[C@H]3[C@H]2CC=C4[C@@]3(CC[C@@H](C4)O)C)C",46.5,"PEG2000","CCCCCCCCCCCCCC(=O)OCC(COP(=O)(OCCNCC(=O)OCCOCCOCCOCCOCCOCCOCCOCCOCCOCCOCCOCCOCCOCCOCCOCCOCCOCCOCCOCCOCCOCCOCCOCCOCCOCCOCCOCCOCCOCCOCCOCCOCCOCCOCCOCCOCCOCCOCCOCCOCCOCCOCCOC)O)OC(=O)CCCCCCCCCCCCC",2.5,,,0,"citrate",,"handmixed","in_vitro","HeLa","in_vitro","in_vitro","mRNA","FLuc",0.01,"luminescence_normalized","individual",-0.664409154,"https://www.nature.com/articles/s41467-024-45422-9",38424061,38,1,1,24,532.4240083,67.87,1,6,7.8201,157.8097,0.75,0,2,532.81,"True","False","False","8","A2","T8","Row110","8-A2-8","DOPE","Cholesterol","PEG2000",35,16,46.5,2.5,1,"Row151"
13134,"LNP_0013134","LX_2024","LX_2024_F113","8-A2-9","CCCCCCCCCC(=O)Oc1cc(CNCCCN(CC)CC)cc(OC(=O)CCCCCCCCC)c1","CCCCCCCCCC(=O)Oc1cc(CNCCC[N+](CC)(CC)[H])cc(OC(=O)CCCCCCCCC)c1",8,"CCN(CC)CCCN",,,"A2_T9","CCCCCCCCCC(=O)OC1=CC(C=O)=CC(OC(=O)CCCCCCCCC)=C1",,,,,,,35,10,,"DOPE","[H][C@@](COP([O-])(OCC[NH3+])=O)(OC(CCCCCCC/C=C\\CCCCCCCC)=O)COC(CCCCCCC/C=C\\CCCCCCCC)=O",16,"Cholesterol","C[C@H](CCCC(C)C)[C@H]1CC[C@@H]2[C@@]1(CC[C@H]3[C@H]2CC=C4[C@@]3(CC[C@@H](C4)O)C)C",46.5,"PEG2000","CCCCCCCCCCCCCC(=O)OCC(COP(=O)(OCCNCC(=O)OCCOCCOCCOCCOCCOCCOCCOCCOCCOCCOCCOCCOCCOCCOCCOCCOCCOCCOCCOCCOCCOCCOCCOCCOCCOCCOCCOCCOCCOCCOCCOCCOCCOCCOCCOCCOCCOCCOCCOCCOCCOCCOCCOC)O)OC(=O)CCCCCCCCCCCCC",2.5,,,0,"citrate",,"handmixed","in_vitro","HeLa","in_vitro","in_vitro","mRNA","FLuc",0.01,"luminescence_normalized","individual",-1.328186832,"https://www.nature.com/articles/s41467-024-45422-9",38424061,40,1,1,26,560.4553084,67.87,1,6,8.6003,167.0437,0.764705882,0,2,560.864,"True","False","False","8","A2","T9","Row112","8-A2-9","DOPE","Cholesterol","PEG2000",35,16,46.5,2.5,1,"Row153"
13135,"LNP_0013135","LX_2024","LX_2024_F114","8-A2-9b","CCCCCC(C)CCC(=O)Oc1cc(CNCCCN(CC)CC)cc(OC(=O)CCC(C)CCCCC)c1","CCCCCC(C)CCC(=O)Oc1cc(CNCCC[N+](CC)(CC)[H])cc(OC(=O)CCC(C)CCCCC)c1",8,"CCN(CC)CCCN",,,"A2_T9b","CCCCCC(C)CCC(=O)OC1=CC(=CC(=C1)OC(=O)CCC(C)CCCCC)C=O",,,,,,,35,10,,"DOPE","[H][C@@](COP([O-])(OCC[NH3+])=O)(OC(CCCCCCC/C=C\\CCCCCCCC)=O)COC(CCCCCCC/C=C\\CCCCCCCC)=O",16,"Cholesterol","C[C@H](CCCC(C)C)[C@H]1CC[C@@H]2[C@@]1(CC[C@H]3[C@H]2CC=C4[C@@]3(CC[C@@H](C4)O)C)C",46.5,"PEG2000","CCCCCCCCCCCCCC(=O)OCC(COP(=O)(OCCNCC(=O)OCCOCCOCCOCCOCCOCCOCCOCCOCCOCCOCCOCCOCCOCCOCCOCCOCCOCCOCCOCCOCCOCCOCCOCCOCCOCCOCCOCCOCCOCCOCCOCCOCCOCCOCCOCCOCCOCCOCCOCCOCCOCCOCCOC)O)OC(=O)CCCCCCCCCCCCC",2.5,,,0,"citrate",,"handmixed","in_vitro","HeLa","in_vitro","in_vitro","mRNA","FLuc",0.01,"luminescence_normalized","individual",-0.863793729,"https://www.nature.com/articles/s41467-024-45422-9",38424061,40,1,1,24,560.4553084,67.87,1,6,8.3121,166.9037,0.764705882,2,2,560.864,"True","False","False","8","A2","T9b","Row113","8-A2-9b","DOPE","Cholesterol","PEG2000",35,16,46.5,2.5,1,"Row154"
13136,"LNP_0013136","LX_2024","LX_2024_F115","8-A2-9b2","CCCCC(CC)CCC(=O)Oc1cc(CNCCCN(CC)CC)cc(OC(=O)CCC(CC)CCCC)c1","CCCCC(CC)CCC(=O)Oc1cc(CNCCC[N+](CC)(CC)[H])cc(OC(=O)CCC(CC)CCCC)c1",8,"CCN(CC)CCCN",,,"A2_T9b2","CCCCC(CC)CCC(=O)OC1=CC(=CC(=C1)OC(=O)CCC(CC)CCCC)C=O",,,,,,,35,10,,"DOPE","[H][C@@](COP([O-])(OCC[NH3+])=O)(OC(CCCCCCC/C=C\\CCCCCCCC)=O)COC(CCCCCCC/C=C\\CCCCCCCC)=O",16,"Cholesterol","C[C@H](CCCC(C)C)[C@H]1CC[C@@H]2[C@@]1(CC[C@H]3[C@H]2CC=C4[C@@]3(CC[C@@H](C4)O)C)C",46.5,"PEG2000","CCCCCCCCCCCCCC(=O)OCC(COP(=O)(OCCNCC(=O)OCCOCCOCCOCCOCCOCCOCCOCCOCCOCCOCCOCCOCCOCCOCCOCCOCCOCCOCCOCCOCCOCCOCCOCCOCCOCCOCCOCCOCCOCCOCCOCCOCCOCCOCCOCCOCCOCCOCCOCCOCCOCCOCCOC)O)OC(=O)CCCCCCCCCCCCC",2.5,,,0,"citrate",,"handmixed","in_vitro","HeLa","in_vitro","in_vitro","mRNA","FLuc",0.01,"luminescence_normalized","individual",-0.705649174,"https://www.nature.com/articles/s41467-024-45422-9",38424061,40,1,1,24,560.4553084,67.87,1,6,8.3121,166.9037,0.764705882,2,2,560.864,"True","False","False","8","A2","T9b2","Row114","8-A2-9b2","DOPE","Cholesterol","PEG2000",35,16,46.5,2.5,1,"Row155"
13137,"LNP_0013137","LX_2024","LX_2024_F116","8-A3-6b","CCCCC(C)C(=O)Oc1cc(OC(=O)C(C)CCCC)c(CNCCCN(CC)CC)c(OC(=O)C(C)CCCC)c1","CCCCC(C)C(=O)Oc1cc(OC(=O)C(C)CCCC)c(CNCCC[N+](CC)(CC)[H])c(OC(=O)C(C)CCCC)c1",8,"CCN(CC)CCCN",,,"A3_T6b","CCCCCCC(=O)OC1=CC(=CC(=C1OC(=O)CCCCCC)OC(=O)CCCCCC)C=O",,,,,,,35,10,,"DOPE","[H][C@@](COP([O-])(OCC[NH3+])=O)(OC(CCCCCCC/C=C\\CCCCCCCC)=O)COC(CCCCCCC/C=C\\CCCCCCCC)=O",16,"Cholesterol","C[C@H](CCCC(C)C)[C@H]1CC[C@@H]2[C@@]1(CC[C@H]3[C@H]2CC=C4[C@@]3(CC[C@@H](C4)O)C)C",46.5,"PEG2000","CCCCCCCCCCCCCC(=O)OCC(COP(=O)(OCCNCC(=O)OCCOCCOCCOCCOCCOCCOCCOCCOCCOCCOCCOCCOCCOCCOCCOCCOCCOCCOCCOCCOCCOCCOCCOCCOCCOCCOCCOCCOCCOCCOCCOCCOCCOCCOCCOCCOCCOCCOCCOCCOCCOCCOCCOC)O)OC(=O)CCCCCCCCCCCCC",2.5,,,0,"citrate",,"handmixed","in_vitro","HeLa","in_vitro","in_vitro","mRNA","FLuc",0.01,"luminescence_normalized","individual",-0.3746817,"https://www.nature.com/articles/s41467-024-45422-9",38424061,43,1,1,23,604.4451376,94.17,1,8,7.7032,173.5257,0.742857143,3,2,604.873,"True","False","False","8","A3","T6b","Row115","8-A3-6b","DOPE","Cholesterol","PEG2000",35,16,46.5,2.5,1,"Row156"
13138,"LNP_0013138","LX_2024","LX_2024_F117","8-A3-7b","CCCCCC(C)C(=O)Oc1cc(OC(=O)C(C)CCCCC)c(CNCCCN(CC)CC)c(OC(=O)C(C)CCCCC)c1","CCCCCC(C)C(=O)Oc1cc(OC(=O)C(C)CCCCC)c(CNCCC[N+](CC)(CC)[H])c(OC(=O)C(C)CCCCC)c1",8,"CCN(CC)CCCN",,,"A3_T7b","CCCCCC(C)C(=O)OC1=CC(=C(C=O)C(=C1)OC(=O)C(C)CCCCC)OC(=O)C(C)CCCCC",,,,,,,35,10,,"DOPE","[H][C@@](COP([O-])(OCC[NH3+])=O)(OC(CCCCCCC/C=C\\CCCCCCCC)=O)COC(CCCCCCC/C=C\\CCCCCCCC)=O",16,"Cholesterol","C[C@H](CCCC(C)C)[C@H]1CC[C@@H]2[C@@]1(CC[C@H]3[C@H]2CC=C4[C@@]3(CC[C@@H](C4)O)C)C",46.5,"PEG2000","CCCCCCCCCCCCCC(=O)OCC(COP(=O)(OCCNCC(=O)OCCOCCOCCOCCOCCOCCOCCOCCOCCOCCOCCOCCOCCOCCOCCOCCOCCOCCOCCOCCOCCOCCOCCOCCOCCOCCOCCOCCOCCOCCOCCOCCOCCOCCOCCOCCOCCOCCOCCOCCOCCOCCOCCOC)O)OC(=O)CCCCCCCCCCCCC",2.5,,,0,"citrate",,"handmixed","in_vitro","HeLa","in_vitro","in_vitro","mRNA","FLuc",0.01,"luminescence_normalized","individual",-0.030463164,"https://www.nature.com/articles/s41467-024-45422-9",38424061,46,1,1,26,646.4920878,94.17,1,8,8.8735,187.3767,0.763157895,3,2,646.954,"True","False","False","8","A3","T7b","Row116","8-A3-7b","DOPE","Cholesterol","PEG2000",35,16,46.5,2.5,1,"Row157"
13140,"LNP_0013140","LX_2024","LX_2024_F119","8-A3-8b","CCCCC(C)CCC(=O)Oc1cc(OC(=O)CCC(C)CCCC)c(CNCCCN(CC)CC)c(OC(=O)CCC(C)CCCC)c1","CCCCC(C)CCC(=O)Oc1cc(OC(=O)CCC(C)CCCC)c(CNCCC[N+](CC)(CC)[H])c(OC(=O)CCC(C)CCCC)c1",8,"CCN(CC)CCCN",,,"A3_T8b","CCCCC(C)CCC(=O)OC1=CC(=C(C=O)C(=C1)OC(=O)CCC(C)CCCC)OC(=O)CCC(C)CCCC",,,,,,,35,10,,"DOPE","[H][C@@](COP([O-])(OCC[NH3+])=O)(OC(CCCCCCC/C=C\\CCCCCCCC)=O)COC(CCCCCCC/C=C\\CCCCCCCC)=O",16,"Cholesterol","C[C@H](CCCC(C)C)[C@H]1CC[C@@H]2[C@@]1(CC[C@H]3[C@H]2CC=C4[C@@]3(CC[C@@H](C4)O)C)C",46.5,"PEG2000","CCCCCCCCCCCCCC(=O)OCC(COP(=O)(OCCNCC(=O)OCCOCCOCCOCCOCCOCCOCCOCCOCCOCCOCCOCCOCCOCCOCCOCCOCCOCCOCCOCCOCCOCCOCCOCCOCCOCCOCCOCCOCCOCCOCCOCCOCCOCCOCCOCCOCCOCCOCCOCCOCCOCCOCCOC)O)OC(=O)CCCCCCCCCCCCC",2.5,,,0,"citrate",,"handmixed","in_vitro","HeLa","in_vitro","in_vitro","mRNA","FLuc",0.01,"luminescence_normalized","individual",0.232256666,"https://www.nature.com/articles/s41467-024-45422-9",38424061,49,1,1,29,688.539038,94.17,1,8,10.0438,201.2277,0.780487805,3,2,689.035,"True","False","False","8","A3","T8b","Row118","8-A3-8b","DOPE","Cholesterol","PEG2000",35,16,46.5,2.5,1,"Row159"
13141,"LNP_0013141","LX_2024","LX_2024_F120","8-A3-9b2","CCCCC(CC)CCC(=O)Oc1cc(OC(=O)CCC(CC)CCCC)c(CNCCCN(CC)CC)c(OC(=O)CCC(CC)CCCC)c1","CCCCC(CC)CCC(=O)Oc1cc(OC(=O)CCC(CC)CCCC)c(CNCCC[N+](CC)(CC)[H])c(OC(=O)CCC(CC)CCCC)c1",8,"CCN(CC)CCCN",,,"A3_T9b2","CCCCC(CC)CCC(=O)OC1=CC(=C(C=O)C(=C1)OC(=O)CCC(CC)CCCC)OC(=O)CCC(CC)CCCC",,,,,,,35,10,,"DOPE","[H][C@@](COP([O-])(OCC[NH3+])=O)(OC(CCCCCCC/C=C\\CCCCCCCC)=O)COC(CCCCCCC/C=C\\CCCCCCCC)=O",16,"Cholesterol","C[C@H](CCCC(C)C)[C@H]1CC[C@@H]2[C@@]1(CC[C@H]3[C@H]2CC=C4[C@@]3(CC[C@@H](C4)O)C)C",46.5,"PEG2000","CCCCCCCCCCCCCC(=O)OCC(COP(=O)(OCCNCC(=O)OCCOCCOCCOCCOCCOCCOCCOCCOCCOCCOCCOCCOCCOCCOCCOCCOCCOCCOCCOCCOCCOCCOCCOCCOCCOCCOCCOCCOCCOCCOCCOCCOCCOCCOCCOCCOCCOCCOCCOCCOCCOCCOCCOC)O)OC(=O)CCCCCCCCCCCCC",2.5,,,0,"citrate",,"handmixed","in_vitro","HeLa","in_vitro","in_vitro","mRNA","FLuc",0.01,"luminescence_normalized","individual",0.231527838,"https://www.nature.com/articles/s41467-024-45422-9",38424061,52,1,1,32,730.5859882,94.17,1,8,11.2141,215.0787,0.795454545,3,2,731.116,"True","False","False","8","A3","T9b2","Row119","8-A3-9b2","DOPE","Cholesterol","PEG2000",35,16,46.5,2.5,1,"Row160"
13142,"LNP_0013142","LX_2024","LX_2024_F121","9-A2-6","CCCCCCC(=O)Oc1cc(CNCCN2CCN(C)CC2)cc(OC(=O)CCCCCC)c1","CCCCCCC(=O)Oc1cc(CNCCN2CC[N+](C)([H])CC2)cc(OC(=O)CCCCCC)c1",9,"CN1CCN(CCN)CC1",,,"A2_T6","CCCCCCC(=O)OC1=CC(C=O)=CC(OC(=O)CCCCCC)=C1",,,,,,,35,10,,"DOPE","[H][C@@](COP([O-])(OCC[NH3+])=O)(OC(CCCCCCC/C=C\\CCCCCCCC)=O)COC(CCCCCCC/C=C\\CCCCCCCC)=O",16,"Cholesterol","C[C@H](CCCC(C)C)[C@H]1CC[C@@H]2[C@@]1(CC[C@H]3[C@H]2CC=C4[C@@]3(CC[C@@H](C4)O)C)C",46.5,"PEG2000","CCCCCCCCCCCCCC(=O)OCC(COP(=O)(OCCNCC(=O)OCCOCCOCCOCCOCCOCCOCCOCCOCCOCCOCCOCCOCCOCCOCCOCCOCCOCCOCCOCCOCCOCCOCCOCCOCCOCCOCCOCCOCCOCCOCCOCCOCCOCCOCCOCCOCCOCCOCCOCCOCCOCCOCCOC)O)OC(=O)CCCCCCCCCCCCC",2.5,,,0,"citrate",,"handmixed","in_vitro","HeLa","in_vitro","in_vitro","mRNA","FLuc",0.01,"luminescence_normalized","individual",-0.287247988,"https://www.nature.com/articles/s41467-024-45422-9",38424061,35,2,1,17,489.356657,71.11,1,7,4.7752,140.8737,0.714285714,0,3,489.701,"True","False","False","9","A2","T6","Row120","9-A2-6","DOPE","Cholesterol","PEG2000",35,16,46.5,2.5,1,"Row161"
13144,"LNP_0013144","LX_2024","LX_2024_F123","9-A2-7","CCCCCCCC(=O)Oc1cc(CNCCN2CCN(C)CC2)cc(OC(=O)CCCCCCC)c1","CCCCCCCC(=O)Oc1cc(CNCCN2CC[N+](C)([H])CC2)cc(OC(=O)CCCCCCC)c1",9,"CN1CCN(CCN)CC1",,,"A2_T7","CCCCCCCC(=O)OC1=CC(C=O)=CC(OC(=O)CCCCCCC)=C1",,,,,,,35,10,,"DOPE","[H][C@@](COP([O-])(OCC[NH3+])=O)(OC(CCCCCCC/C=C\\CCCCCCCC)=O)COC(CCCCCCC/C=C\\CCCCCCCC)=O",16,"Cholesterol","C[C@H](CCCC(C)C)[C@H]1CC[C@@H]2[C@@]1(CC[C@H]3[C@H]2CC=C4[C@@]3(CC[C@@H](C4)O)C)C",46.5,"PEG2000","CCCCCCCCCCCCCC(=O)OCC(COP(=O)(OCCNCC(=O)OCCOCCOCCOCCOCCOCCOCCOCCOCCOCCOCCOCCOCCOCCOCCOCCOCCOCCOCCOCCOCCOCCOCCOCCOCCOCCOCCOCCOCCOCCOCCOCCOCCOCCOCCOCCOCCOCCOCCOCCOCCOCCOCCOC)O)OC(=O)CCCCCCCCCCCCC",2.5,,,0,"citrate",,"handmixed","in_vitro","HeLa","in_vitro","in_vitro","mRNA","FLuc",0.01,"luminescence_normalized","individual",-1.196643859,"https://www.nature.com/articles/s41467-024-45422-9",38424061,37,2,1,19,517.3879571,71.11,1,7,5.5554,150.1077,0.733333333,0,3,517.755,"True","False","False","9","A2","T7","Row122","9-A2-7","DOPE","Cholesterol","PEG2000",35,16,46.5,2.5,1,"Row163"
13145,"LNP_0013145","LX_2024","LX_2024_F124","9-A2-7b","CCCCCC(C)C(=O)Oc1cc(CNCCN2CCN(C)CC2)cc(OC(=O)C(C)CCCCC)c1","CCCCCC(C)C(=O)Oc1cc(CNCCN2CC[N+](C)([H])CC2)cc(OC(=O)C(C)CCCCC)c1",9,"CN1CCN(CCN)CC1",,,"A2_T7b","CCCCCC(C)C(=O)OC1=CC(=CC(=C1)OC(=O)C(C)CCCCC)C=O",,,,,,,35,10,,"DOPE","[H][C@@](COP([O-])(OCC[NH3+])=O)(OC(CCCCCCC/C=C\\CCCCCCCC)=O)COC(CCCCCCC/C=C\\CCCCCCCC)=O",16,"Cholesterol","C[C@H](CCCC(C)C)[C@H]1CC[C@@H]2[C@@]1(CC[C@H]3[C@H]2CC=C4[C@@]3(CC[C@@H](C4)O)C)C",46.5,"PEG2000","CCCCCCCCCCCCCC(=O)OCC(COP(=O)(OCCNCC(=O)OCCOCCOCCOCCOCCOCCOCCOCCOCCOCCOCCOCCOCCOCCOCCOCCOCCOCCOCCOCCOCCOCCOCCOCCOCCOCCOCCOCCOCCOCCOCCOCCOCCOCCOCCOCCOCCOCCOCCOCCOCCOCCOCCOC)O)OC(=O)CCCCCCCCCCCCC",2.5,,,0,"citrate",,"handmixed","in_vitro","HeLa","in_vitro","in_vitro","mRNA","FLuc",0.01,"luminescence_normalized","individual",-0.197472149,"https://www.nature.com/articles/s41467-024-45422-9",38424061,37,2,1,17,517.3879571,71.11,1,7,5.2672,149.9677,0.733333333,2,3,517.755,"True","False","False","9","A2","T7b","Row123","9-A2-7b","DOPE","Cholesterol","PEG2000",35,16,46.5,2.5,1,"Row164"
13146,"LNP_0013146","LX_2024","LX_2024_F125","9-A2-7b2","CCCCC(CC)C(=O)Oc1cc(CNCCN2CCN(C)CC2)cc(OC(=O)C(CC)CCCC)c1","CCCCC(CC)C(=O)Oc1cc(CNCCN2CC[N+](C)([H])CC2)cc(OC(=O)C(CC)CCCC)c1",9,"CN1CCN(CCN)CC1",,,"A2_T7b2","CCCCC(CC)C(=O)OC1=CC(=CC(=C1)OC(=O)C(CC)CCCC)C=O",,,,,,,35,10,,"DOPE","[H][C@@](COP([O-])(OCC[NH3+])=O)(OC(CCCCCCC/C=C\\CCCCCCCC)=O)COC(CCCCCCC/C=C\\CCCCCCCC)=O",16,"Cholesterol","C[C@H](CCCC(C)C)[C@H]1CC[C@@H]2[C@@]1(CC[C@H]3[C@H]2CC=C4[C@@]3(CC[C@@H](C4)O)C)C",46.5,"PEG2000","CCCCCCCCCCCCCC(=O)OCC(COP(=O)(OCCNCC(=O)OCCOCCOCCOCCOCCOCCOCCOCCOCCOCCOCCOCCOCCOCCOCCOCCOCCOCCOCCOCCOCCOCCOCCOCCOCCOCCOCCOCCOCCOCCOCCOCCOCCOCCOCCOCCOCCOCCOCCOCCOCCOCCOCCOC)O)OC(=O)CCCCCCCCCCCCC",2.5,,,0,"citrate",,"handmixed","in_vitro","HeLa","in_vitro","in_vitro","mRNA","FLuc",0.01,"luminescence_normalized","individual",-1.323308103,"https://www.nature.com/articles/s41467-024-45422-9",38424061,37,2,1,17,517.3879571,71.11,1,7,5.2672,149.9677,0.733333333,2,3,517.755,"True","False","False","9","A2","T7b2","Row124","9-A2-7b2","DOPE","Cholesterol","PEG2000",35,16,46.5,2.5,1,"Row165"
13147,"LNP_0013147","LX_2024","LX_2024_F126","9-A2-8","CCCCCCCCC(=O)Oc1cc(CNCCN2CCN(C)CC2)cc(OC(=O)CCCCCCCC)c1","CCCCCCCCC(=O)Oc1cc(CNCCN2CC[N+](C)([H])CC2)cc(OC(=O)CCCCCCCC)c1",9,"CN1CCN(CCN)CC1",,,"A2_T8","CCCCCCCCC(=O)OC1=CC(=CC(=C1)OC(=O)CCCCCCCC)C=O",,,,,,,35,10,,"DOPE","[H][C@@](COP([O-])(OCC[NH3+])=O)(OC(CCCCCCC/C=C\\CCCCCCCC)=O)COC(CCCCCCC/C=C\\CCCCCCCC)=O",16,"Cholesterol","C[C@H](CCCC(C)C)[C@H]1CC[C@@H]2[C@@]1(CC[C@H]3[C@H]2CC=C4[C@@]3(CC[C@@H](C4)O)C)C",46.5,"PEG2000","CCCCCCCCCCCCCC(=O)OCC(COP(=O)(OCCNCC(=O)OCCOCCOCCOCCOCCOCCOCCOCCOCCOCCOCCOCCOCCOCCOCCOCCOCCOCCOCCOCCOCCOCCOCCOCCOCCOCCOCCOCCOCCOCCOCCOCCOCCOCCOCCOCCOCCOCCOCCOCCOCCOCCOCCOC)O)OC(=O)CCCCCCCCCCCCC",2.5,,,0,"citrate",,"handmixed","in_vitro","HeLa","in_vitro","in_vitro","mRNA","FLuc",0.01,"luminescence_normalized","individual",-0.348593242,"https://www.nature.com/articles/s41467-024-45422-9",38424061,39,2,1,21,545.4192572,71.11,1,7,6.3356,159.3417,0.75,0,3,545.809,"True","False","False","9","A2","T8","Row125","9-A2-8","DOPE","Cholesterol","PEG2000",35,16,46.5,2.5,1,"Row166"
13150,"LNP_0013150","LX_2024","LX_2024_F129","9-A2-9b","CCCCCC(C)CCC(=O)Oc1cc(CNCCN2CCN(C)CC2)cc(OC(=O)CCC(C)CCCCC)c1","CCCCCC(C)CCC(=O)Oc1cc(CNCCN2CC[N+](C)([H])CC2)cc(OC(=O)CCC(C)CCCCC)c1",9,"CN1CCN(CCN)CC1",,,"A2_T9b","CCCCCC(C)CCC(=O)OC1=CC(=CC(=C1)OC(=O)CCC(C)CCCCC)C=O",,,,,,,35,10,,"DOPE","[H][C@@](COP([O-])(OCC[NH3+])=O)(OC(CCCCCCC/C=C\\CCCCCCCC)=O)COC(CCCCCCC/C=C\\CCCCCCCC)=O",16,"Cholesterol","C[C@H](CCCC(C)C)[C@H]1CC[C@@H]2[C@@]1(CC[C@H]3[C@H]2CC=C4[C@@]3(CC[C@@H](C4)O)C)C",46.5,"PEG2000","CCCCCCCCCCCCCC(=O)OCC(COP(=O)(OCCNCC(=O)OCCOCCOCCOCCOCCOCCOCCOCCOCCOCCOCCOCCOCCOCCOCCOCCOCCOCCOCCOCCOCCOCCOCCOCCOCCOCCOCCOCCOCCOCCOCCOCCOCCOCCOCCOCCOCCOCCOCCOCCOCCOCCOCCOC)O)OC(=O)CCCCCCCCCCCCC",2.5,,,0,"citrate",,"handmixed","in_vitro","HeLa","in_vitro","in_vitro","mRNA","FLuc",0.01,"luminescence_normalized","individual",-0.587306692,"https://www.nature.com/articles/s41467-024-45422-9",38424061,41,2,1,21,573.4505574,71.11,1,7,6.8276,168.4357,0.764705882,2,3,573.863,"True","False","False","9","A2","T9b","Row128","9-A2-9b","DOPE","Cholesterol","PEG2000",35,16,46.5,2.5,1,"Row169"
13151,"LNP_0013151","LX_2024","LX_2024_F130","9-A2-9b2","CCCCC(CC)CCC(=O)Oc1cc(CNCCN2CCN(C)CC2)cc(OC(=O)CCC(CC)CCCC)c1","CCCCC(CC)CCC(=O)Oc1cc(CNCCN2CC[N+](C)([H])CC2)cc(OC(=O)CCC(CC)CCCC)c1",9,"CN1CCN(CCN)CC1",,,"A2_T9b2","CCCCC(CC)CCC(=O)OC1=CC(=CC(=C1)OC(=O)CCC(CC)CCCC)C=O",,,,,,,35,10,,"DOPE","[H][C@@](COP([O-])(OCC[NH3+])=O)(OC(CCCCCCC/C=C\\CCCCCCCC)=O)COC(CCCCCCC/C=C\\CCCCCCCC)=O",16,"Cholesterol","C[C@H](CCCC(C)C)[C@H]1CC[C@@H]2[C@@]1(CC[C@H]3[C@H]2CC=C4[C@@]3(CC[C@@H](C4)O)C)C",46.5,"PEG2000","CCCCCCCCCCCCCC(=O)OCC(COP(=O)(OCCNCC(=O)OCCOCCOCCOCCOCCOCCOCCOCCOCCOCCOCCOCCOCCOCCOCCOCCOCCOCCOCCOCCOCCOCCOCCOCCOCCOCCOCCOCCOCCOCCOCCOCCOCCOCCOCCOCCOCCOCCOCCOCCOCCOCCOCCOC)O)OC(=O)CCCCCCCCCCCCC",2.5,,,0,"citrate",,"handmixed","in_vitro","HeLa","in_vitro","in_vitro","mRNA","FLuc",0.01,"luminescence_normalized","individual",-0.402482571,"https://www.nature.com/articles/s41467-024-45422-9",38424061,41,2,1,21,573.4505574,71.11,1,7,6.8276,168.4357,0.764705882,2,3,573.863,"True","False","False","9","A2","T9b2","Row129","9-A2-9b2","DOPE","Cholesterol","PEG2000",35,16,46.5,2.5,1,"Row170"
13152,"LNP_0013152","LX_2024","LX_2024_F131","9-A3-6b","CCCCC(C)C(=O)Oc1cc(OC(=O)C(C)CCCC)c(CNCCN2CCN(C)CC2)c(OC(=O)C(C)CCCC)c1","CCCCC(C)C(=O)Oc1cc(OC(=O)C(C)CCCC)c(CNCCN2CC[N+](C)([H])CC2)c(OC(=O)C(C)CCCC)c1",9,"CN1CCN(CCN)CC1",,,"A3_T6b","CCCCCCC(=O)OC1=CC(=CC(=C1OC(=O)CCCCCC)OC(=O)CCCCCC)C=O",,,,,,,35,10,,"DOPE","[H][C@@](COP([O-])(OCC[NH3+])=O)(OC(CCCCCCC/C=C\\CCCCCCCC)=O)COC(CCCCCCC/C=C\\CCCCCCCC)=O",16,"Cholesterol","C[C@H](CCCC(C)C)[C@H]1CC[C@@H]2[C@@]1(CC[C@H]3[C@H]2CC=C4[C@@]3(CC[C@@H](C4)O)C)C",46.5,"PEG2000","CCCCCCCCCCCCCC(=O)OCC(COP(=O)(OCCNCC(=O)OCCOCCOCCOCCOCCOCCOCCOCCOCCOCCOCCOCCOCCOCCOCCOCCOCCOCCOCCOCCOCCOCCOCCOCCOCCOCCOCCOCCOCCOCCOCCOCCOCCOCCOCCOCCOCCOCCOCCOCCOCCOCCOCCOC)O)OC(=O)CCCCCCCCCCCCC",2.5,,,0,"citrate",,"handmixed","in_vitro","HeLa","in_vitro","in_vitro","mRNA","FLuc",0.01,"luminescence_normalized","individual",-1.092609709,"https://www.nature.com/articles/s41467-024-45422-9",38424061,44,2,1,20,617.4403866,97.41,1,9,6.2187,175.0577,0.742857143,3,3,617.872,"True","False","False","9","A3","T6b","Row130","9-A3-6b","DOPE","Cholesterol","PEG2000",35,16,46.5,2.5,1,"Row171"
13154,"LNP_0013154","LX_2024","LX_2024_F133","9-A3-7b2","CCCCC(CC)C(=O)Oc1cc(OC(=O)C(CC)CCCC)c(CNCCN2CCN(C)CC2)c(OC(=O)C(CC)CCCC)c1","CCCCC(CC)C(=O)Oc1cc(OC(=O)C(CC)CCCC)c(CNCCN2CC[N+](C)([H])CC2)c(OC(=O)C(CC)CCCC)c1",9,"CN1CCN(CCN)CC1",,,"A3_T7b2","CCCCC(CC)C(=O)OC1=CC(OC(=O)C(CC)CCCC)=C(C=O)C(OC(=O)C(CC)CCCC)=C1",,,,,,,35,10,,"DOPE","[H][C@@](COP([O-])(OCC[NH3+])=O)(OC(CCCCCCC/C=C\\CCCCCCCC)=O)COC(CCCCCCC/C=C\\CCCCCCCC)=O",16,"Cholesterol","C[C@H](CCCC(C)C)[C@H]1CC[C@@H]2[C@@]1(CC[C@H]3[C@H]2CC=C4[C@@]3(CC[C@@H](C4)O)C)C",46.5,"PEG2000","CCCCCCCCCCCCCC(=O)OCC(COP(=O)(OCCNCC(=O)OCCOCCOCCOCCOCCOCCOCCOCCOCCOCCOCCOCCOCCOCCOCCOCCOCCOCCOCCOCCOCCOCCOCCOCCOCCOCCOCCOCCOCCOCCOCCOCCOCCOCCOCCOCCOCCOCCOCCOCCOCCOCCOCCOC)O)OC(=O)CCCCCCCCCCCCC",2.5,,,0,"citrate",,"handmixed","in_vitro","HeLa","in_vitro","in_vitro","mRNA","FLuc",0.01,"luminescence_normalized","individual",-0.022726528,"https://www.nature.com/articles/s41467-024-45422-9",38424061,47,2,1,23,659.4873368,97.41,1,9,7.389,188.9087,0.763157895,3,3,659.953,"True","False","False","9","A3","T7b2","Row132","9-A3-7b2","DOPE","Cholesterol","PEG2000",35,16,46.5,2.5,1,"Row173"
13155,"LNP_0013155","LX_2024","LX_2024_F134","9-A3-8b","CCCCC(C)CCC(=O)Oc1cc(OC(=O)CCC(C)CCCC)c(CNCCN2CCN(C)CC2)c(OC(=O)CCC(C)CCCC)c1","CCCCC(C)CCC(=O)Oc1cc(OC(=O)CCC(C)CCCC)c(CNCCN2CC[N+](C)([H])CC2)c(OC(=O)CCC(C)CCCC)c1",9,"CN1CCN(CCN)CC1",,,"A3_T8b","CCCCC(C)CCC(=O)OC1=CC(=C(C=O)C(=C1)OC(=O)CCC(C)CCCC)OC(=O)CCC(C)CCCC",,,,,,,35,10,,"DOPE","[H][C@@](COP([O-])(OCC[NH3+])=O)(OC(CCCCCCC/C=C\\CCCCCCCC)=O)COC(CCCCCCC/C=C\\CCCCCCCC)=O",16,"Cholesterol","C[C@H](CCCC(C)C)[C@H]1CC[C@@H]2[C@@]1(CC[C@H]3[C@H]2CC=C4[C@@]3(CC[C@@H](C4)O)C)C",46.5,"PEG2000","CCCCCCCCCCCCCC(=O)OCC(COP(=O)(OCCNCC(=O)OCCOCCOCCOCCOCCOCCOCCOCCOCCOCCOCCOCCOCCOCCOCCOCCOCCOCCOCCOCCOCCOCCOCCOCCOCCOCCOCCOCCOCCOCCOCCOCCOCCOCCOCCOCCOCCOCCOCCOCCOCCOCCOCCOC)O)OC(=O)CCCCCCCCCCCCC",2.5,,,0,"citrate",,"handmixed","in_vitro","HeLa","in_vitro","in_vitro","mRNA","FLuc",0.01,"luminescence_normalized","individual",0.149911913,"https://www.nature.com/articles/s41467-024-45422-9",38424061,50,2,1,26,701.534287,97.41,1,9,8.5593,202.7597,0.780487805,3,3,702.034,"True","False","False","9","A3","T8b","Row133","9-A3-8b","DOPE","Cholesterol","PEG2000",35,16,46.5,2.5,1,"Row174"
13156,"LNP_0013156","LX_2024","LX_2024_F135","9-A3-9b2","CCCCC(CC)CCC(=O)Oc1cc(OC(=O)CCC(CC)CCCC)c(CNCCN2CCN(C)CC2)c(OC(=O)CCC(CC)CCCC)c1","CCCCC(CC)CCC(=O)Oc1cc(OC(=O)CCC(CC)CCCC)c(CNCCN2CC[N+](C)([H])CC2)c(OC(=O)CCC(CC)CCCC)c1",9,"CN1CCN(CCN)CC1",,,"A3_T9b2","CCCCC(CC)CCC(=O)OC1=CC(=C(C=O)C(=C1)OC(=O)CCC(CC)CCCC)OC(=O)CCC(CC)CCCC",,,,,,,35,10,,"DOPE","[H][C@@](COP([O-])(OCC[NH3+])=O)(OC(CCCCCCC/C=C\\CCCCCCCC)=O)COC(CCCCCCC/C=C\\CCCCCCCC)=O",16,"Cholesterol","C[C@H](CCCC(C)C)[C@H]1CC[C@@H]2[C@@]1(CC[C@H]3[C@H]2CC=C4[C@@]3(CC[C@@H](C4)O)C)C",46.5,"PEG2000","CCCCCCCCCCCCCC(=O)OCC(COP(=O)(OCCNCC(=O)OCCOCCOCCOCCOCCOCCOCCOCCOCCOCCOCCOCCOCCOCCOCCOCCOCCOCCOCCOCCOCCOCCOCCOCCOCCOCCOCCOCCOCCOCCOCCOCCOCCOCCOCCOCCOCCOCCOCCOCCOCCOCCOCCOC)O)OC(=O)CCCCCCCCCCCCC",2.5,,,0,"citrate",,"handmixed","in_vitro","HeLa","in_vitro","in_vitro","mRNA","FLuc",0.01,"luminescence_normalized","individual",-0.196657895,"https://www.nature.com/articles/s41467-024-45422-9",38424061,53,2,1,29,743.5812372,97.41,1,9,9.7296,216.6107,0.795454545,3,3,744.115,"True","False","False","9","A3","T9b2","Row134","9-A3-9b2","DOPE","Cholesterol","PEG2000",35,16,46.5,2.5,1,"Row175"
13157,"LNP_0013157","LX_2024","LX_2024_F136","10-A2-6","CCCCCCC(=O)Oc1cc(CNCCCN2CCN(C)CC2)cc(OC(=O)CCCCCC)c1","CCCCCCC(=O)Oc1cc(CNCCCN2CC[N+](C)([H])CC2)cc(OC(=O)CCCCCC)c1",10,"CN1CCN(CCCN)CC1",,,"A2_T6","CCCCCCC(=O)OC1=CC(C=O)=CC(OC(=O)CCCCCC)=C1",,,,,,,35,10,,"DOPE","[H][C@@](COP([O-])(OCC[NH3+])=O)(OC(CCCCCCC/C=C\\CCCCCCCC)=O)COC(CCCCCCC/C=C\\CCCCCCCC)=O",16,"Cholesterol","C[C@H](CCCC(C)C)[C@H]1CC[C@@H]2[C@@]1(CC[C@H]3[C@H]2CC=C4[C@@]3(CC[C@@H](C4)O)C)C",46.5,"PEG2000","CCCCCCCCCCCCCC(=O)OCC(COP(=O)(OCCNCC(=O)OCCOCCOCCOCCOCCOCCOCCOCCOCCOCCOCCOCCOCCOCCOCCOCCOCCOCCOCCOCCOCCOCCOCCOCCOCCOCCOCCOCCOCCOCCOCCOCCOCCOCCOCCOCCOCCOCCOCCOCCOCCOCCOCCOC)O)OC(=O)CCCCCCCCCCCCC",2.5,,,0,"citrate",,"handmixed","in_vitro","HeLa","in_vitro","in_vitro","mRNA","FLuc",0.01,"luminescence_normalized","individual",-1.289893491,"https://www.nature.com/articles/s41467-024-45422-9",38424061,36,2,1,18,503.372307,71.11,1,7,5.1653,145.4907,0.724137931,0,3,503.728,"True","False","False","10","A2","T6","Row135","10-A2-6","DOPE","Cholesterol","PEG2000",35,16,46.5,2.5,1,"Row15"
13158,"LNP_0013158","LX_2024","LX_2024_F137","10-A2-6b","CCCCC(C)C(=O)Oc1cc(CNCCCN2CCN(C)CC2)cc(OC(=O)C(C)CCCC)c1","CCCCC(C)C(=O)Oc1cc(CNCCCN2CC[N+](C)([H])CC2)cc(OC(=O)C(C)CCCC)c1",10,"CN1CCN(CCCN)CC1",,,"A2_T6b","CCCCC(C)C(=O)OC1=CC(=CC(=C1)OC(=O)C(C)CCCC)C=O",,,,,,,35,10,,"DOPE","[H][C@@](COP([O-])(OCC[NH3+])=O)(OC(CCCCCCC/C=C\\CCCCCCCC)=O)COC(CCCCCCC/C=C\\CCCCCCCC)=O",16,"Cholesterol","C[C@H](CCCC(C)C)[C@H]1CC[C@@H]2[C@@]1(CC[C@H]3[C@H]2CC=C4[C@@]3(CC[C@@H](C4)O)C)C",46.5,"PEG2000","CCCCCCCCCCCCCC(=O)OCC(COP(=O)(OCCNCC(=O)OCCOCCOCCOCCOCCOCCOCCOCCOCCOCCOCCOCCOCCOCCOCCOCCOCCOCCOCCOCCOCCOCCOCCOCCOCCOCCOCCOCCOCCOCCOCCOCCOCCOCCOCCOCCOCCOCCOCCOCCOCCOCCOCCOC)O)OC(=O)CCCCCCCCCCCCC",2.5,,,0,"citrate",,"handmixed","in_vitro","HeLa","in_vitro","in_vitro","mRNA","FLuc",0.01,"luminescence_normalized","individual",-0.139792649,"https://www.nature.com/articles/s41467-024-45422-9",38424061,36,2,1,16,503.372307,71.11,1,7,4.8771,145.3507,0.724137931,2,3,503.728,"True","False","False","10","A2","T6b","Row136","10-A2-6b","DOPE","Cholesterol","PEG2000",35,16,46.5,2.5,1,"Row16"
13159,"LNP_0013159","LX_2024","LX_2024_F138","10-A2-7","CCCCCCCC(=O)Oc1cc(CNCCCN2CCN(C)CC2)cc(OC(=O)CCCCCCC)c1","CCCCCCCC(=O)Oc1cc(CNCCCN2CC[N+](C)([H])CC2)cc(OC(=O)CCCCCCC)c1",10,"CN1CCN(CCCN)CC1",,,"A2_T7","CCCCCCCC(=O)OC1=CC(C=O)=CC(OC(=O)CCCCCCC)=C1",,,,,,,35,10,,"DOPE","[H][C@@](COP([O-])(OCC[NH3+])=O)(OC(CCCCCCC/C=C\\CCCCCCCC)=O)COC(CCCCCCC/C=C\\CCCCCCCC)=O",16,"Cholesterol","C[C@H](CCCC(C)C)[C@H]1CC[C@@H]2[C@@]1(CC[C@H]3[C@H]2CC=C4[C@@]3(CC[C@@H](C4)O)C)C",46.5,"PEG2000","CCCCCCCCCCCCCC(=O)OCC(COP(=O)(OCCNCC(=O)OCCOCCOCCOCCOCCOCCOCCOCCOCCOCCOCCOCCOCCOCCOCCOCCOCCOCCOCCOCCOCCOCCOCCOCCOCCOCCOCCOCCOCCOCCOCCOCCOCCOCCOCCOCCOCCOCCOCCOCCOCCOCCOCCOC)O)OC(=O)CCCCCCCCCCCCC",2.5,,,0,"citrate",,"handmixed","in_vitro","HeLa","in_vitro","in_vitro","mRNA","FLuc",0.01,"luminescence_normalized","individual",-2.009879997,"https://www.nature.com/articles/s41467-024-45422-9",38424061,38,2,1,20,531.4036072,71.11,1,7,5.9455,154.7247,0.741935484,0,3,531.782,"True","False","False","10","A2","T7","Row137","10-A2-7","DOPE","Cholesterol","PEG2000",35,16,46.5,2.5,1,"Row17"
13160,"LNP_0013160","LX_2024","LX_2024_F139","10-A2-7b","CCCCCC(C)C(=O)Oc1cc(CNCCCN2CCN(C)CC2)cc(OC(=O)C(C)CCCCC)c1","CCCCCC(C)C(=O)Oc1cc(CNCCCN2CC[N+](C)([H])CC2)cc(OC(=O)C(C)CCCCC)c1",10,"CN1CCN(CCCN)CC1",,,"A2_T7b","CCCCCC(C)C(=O)OC1=CC(=CC(=C1)OC(=O)C(C)CCCCC)C=O",,,,,,,35,10,,"DOPE","[H][C@@](COP([O-])(OCC[NH3+])=O)(OC(CCCCCCC/C=C\\CCCCCCCC)=O)COC(CCCCCCC/C=C\\CCCCCCCC)=O",16,"Cholesterol","C[C@H](CCCC(C)C)[C@H]1CC[C@@H]2[C@@]1(CC[C@H]3[C@H]2CC=C4[C@@]3(CC[C@@H](C4)O)C)C",46.5,"PEG2000","CCCCCCCCCCCCCC(=O)OCC(COP(=O)(OCCNCC(=O)OCCOCCOCCOCCOCCOCCOCCOCCOCCOCCOCCOCCOCCOCCOCCOCCOCCOCCOCCOCCOCCOCCOCCOCCOCCOCCOCCOCCOCCOCCOCCOCCOCCOCCOCCOCCOCCOCCOCCOCCOCCOCCOCCOC)O)OC(=O)CCCCCCCCCCCCC",2.5,,,0,"citrate",,"handmixed","in_vitro","HeLa","in_vitro","in_vitro","mRNA","FLuc",0.01,"luminescence_normalized","individual",-0.086256845,"https://www.nature.com/articles/s41467-024-45422-9",38424061,38,2,1,18,531.4036072,71.11,1,7,5.6573,154.5847,0.741935484,2,3,531.782,"True","False","False","10","A2","T7b","Row138","10-A2-7b","DOPE","Cholesterol","PEG2000",35,16,46.5,2.5,1,"Row18"
13161,"LNP_0013161","LX_2024","LX_2024_F140","10-A2-7b2","CCCCC(CC)C(=O)Oc1cc(CNCCCN2CCN(C)CC2)cc(OC(=O)C(CC)CCCC)c1","CCCCC(CC)C(=O)Oc1cc(CNCCCN2CC[N+](C)([H])CC2)cc(OC(=O)C(CC)CCCC)c1",10,"CN1CCN(CCCN)CC1",,,"A2_T7b2","CCCCC(CC)C(=O)OC1=CC(=CC(=C1)OC(=O)C(CC)CCCC)C=O",,,,,,,35,10,,"DOPE","[H][C@@](COP([O-])(OCC[NH3+])=O)(OC(CCCCCCC/C=C\\CCCCCCCC)=O)COC(CCCCCCC/C=C\\CCCCCCCC)=O",16,"Cholesterol","C[C@H](CCCC(C)C)[C@H]1CC[C@@H]2[C@@]1(CC[C@H]3[C@H]2CC=C4[C@@]3(CC[C@@H](C4)O)C)C",46.5,"PEG2000","CCCCCCCCCCCCCC(=O)OCC(COP(=O)(OCCNCC(=O)OCCOCCOCCOCCOCCOCCOCCOCCOCCOCCOCCOCCOCCOCCOCCOCCOCCOCCOCCOCCOCCOCCOCCOCCOCCOCCOCCOCCOCCOCCOCCOCCOCCOCCOCCOCCOCCOCCOCCOCCOCCOCCOCCOC)O)OC(=O)CCCCCCCCCCCCC",2.5,,,0,"citrate",,"handmixed","in_vitro","HeLa","in_vitro","in_vitro","mRNA","FLuc",0.01,"luminescence_normalized","individual",-0.132212042,"https://www.nature.com/articles/s41467-024-45422-9",38424061,38,2,1,18,531.4036072,71.11,1,7,5.6573,154.5847,0.741935484,2,3,531.782,"True","False","False","10","A2","T7b2","Row139","10-A2-7b2","DOPE","Cholesterol","PEG2000",35,16,46.5,2.5,1,"Row19"
13162,"LNP_0013162","LX_2024","LX_2024_F141","10-A2-8","CCCCCCCCC(=O)Oc1cc(CNCCCN2CCN(C)CC2)cc(OC(=O)CCCCCCCC)c1","CCCCCCCCC(=O)Oc1cc(CNCCCN2CC[N+](C)([H])CC2)cc(OC(=O)CCCCCCCC)c1",10,"CN1CCN(CCCN)CC1",,,"A2_T8","CCCCCCCCC(=O)OC1=CC(=CC(=C1)OC(=O)CCCCCCCC)C=O",,,,,,,35,10,,"DOPE","[H][C@@](COP([O-])(OCC[NH3+])=O)(OC(CCCCCCC/C=C\\CCCCCCCC)=O)COC(CCCCCCC/C=C\\CCCCCCCC)=O",16,"Cholesterol","C[C@H](CCCC(C)C)[C@H]1CC[C@@H]2[C@@]1(CC[C@H]3[C@H]2CC=C4[C@@]3(CC[C@@H](C4)O)C)C",46.5,"PEG2000","CCCCCCCCCCCCCC(=O)OCC(COP(=O)(OCCNCC(=O)OCCOCCOCCOCCOCCOCCOCCOCCOCCOCCOCCOCCOCCOCCOCCOCCOCCOCCOCCOCCOCCOCCOCCOCCOCCOCCOCCOCCOCCOCCOCCOCCOCCOCCOCCOCCOCCOCCOCCOCCOCCOCCOCCOC)O)OC(=O)CCCCCCCCCCCCC",2.5,,,0,"citrate",,"handmixed","in_vitro","HeLa","in_vitro","in_vitro","mRNA","FLuc",0.01,"luminescence_normalized","individual",-0.35262349,"https://www.nature.com/articles/s41467-024-45422-9",38424061,40,2,1,22,559.4349073,71.11,1,7,6.7257,163.9587,0.757575758,0,3,559.836,"True","False","False","10","A2","T8","Row140","10-A2-8","DOPE","Cholesterol","PEG2000",35,16,46.5,2.5,1,"Row20"
13164,"LNP_0013164","LX_2024","LX_2024_F143","10-A2-9","CCCCCCCCCC(=O)Oc1cc(CNCCCN2CCN(C)CC2)cc(OC(=O)CCCCCCCCC)c1","CCCCCCCCCC(=O)Oc1cc(CNCCCN2CC[N+](C)([H])CC2)cc(OC(=O)CCCCCCCCC)c1",10,"CN1CCN(CCCN)CC1",,,"A2_T9","CCCCCCCCCC(=O)OC1=CC(C=O)=CC(OC(=O)CCCCCCCCC)=C1",,,,,,,35,10,,"DOPE","[H][C@@](COP([O-])(OCC[NH3+])=O)(OC(CCCCCCC/C=C\\CCCCCCCC)=O)COC(CCCCCCC/C=C\\CCCCCCCC)=O",16,"Cholesterol","C[C@H](CCCC(C)C)[C@H]1CC[C@@H]2[C@@]1(CC[C@H]3[C@H]2CC=C4[C@@]3(CC[C@@H](C4)O)C)C",46.5,"PEG2000","CCCCCCCCCCCCCC(=O)OCC(COP(=O)(OCCNCC(=O)OCCOCCOCCOCCOCCOCCOCCOCCOCCOCCOCCOCCOCCOCCOCCOCCOCCOCCOCCOCCOCCOCCOCCOCCOCCOCCOCCOCCOCCOCCOCCOCCOCCOCCOCCOCCOCCOCCOCCOCCOCCOCCOCCOC)O)OC(=O)CCCCCCCCCCCCC",2.5,,,0,"citrate",,"handmixed","in_vitro","HeLa","in_vitro","in_vitro","mRNA","FLuc",0.01,"luminescence_normalized","individual",-1.021465065,"https://www.nature.com/articles/s41467-024-45422-9",38424061,42,2,1,24,587.4662074,71.11,1,7,7.5059,173.1927,0.771428571,0,3,587.89,"True","False","False","10","A2","T9","Row142","10-A2-9","DOPE","Cholesterol","PEG2000",35,16,46.5,2.5,1,"Row22"
13165,"LNP_0013165","LX_2024","LX_2024_F144","10-A2-9b","CCCCCC(C)CCC(=O)Oc1cc(CNCCCN2CCN(C)CC2)cc(OC(=O)CCC(C)CCCCC)c1","CCCCCC(C)CCC(=O)Oc1cc(CNCCCN2CC[N+](C)([H])CC2)cc(OC(=O)CCC(C)CCCCC)c1",10,"CN1CCN(CCCN)CC1",,,"A2_T9b","CCCCCC(C)CCC(=O)OC1=CC(=CC(=C1)OC(=O)CCC(C)CCCCC)C=O",,,,,,,35,10,,"DOPE","[H][C@@](COP([O-])(OCC[NH3+])=O)(OC(CCCCCCC/C=C\\CCCCCCCC)=O)COC(CCCCCCC/C=C\\CCCCCCCC)=O",16,"Cholesterol","C[C@H](CCCC(C)C)[C@H]1CC[C@@H]2[C@@]1(CC[C@H]3[C@H]2CC=C4[C@@]3(CC[C@@H](C4)O)C)C",46.5,"PEG2000","CCCCCCCCCCCCCC(=O)OCC(COP(=O)(OCCNCC(=O)OCCOCCOCCOCCOCCOCCOCCOCCOCCOCCOCCOCCOCCOCCOCCOCCOCCOCCOCCOCCOCCOCCOCCOCCOCCOCCOCCOCCOCCOCCOCCOCCOCCOCCOCCOCCOCCOCCOCCOCCOCCOCCOCCOC)O)OC(=O)CCCCCCCCCCCCC",2.5,,,0,"citrate",,"handmixed","in_vitro","HeLa","in_vitro","in_vitro","mRNA","FLuc",0.01,"luminescence_normalized","individual",-1.102809789,"https://www.nature.com/articles/s41467-024-45422-9",38424061,42,2,1,22,587.4662074,71.11,1,7,7.2177,173.0527,0.771428571,2,3,587.89,"True","False","False","10","A2","T9b","Row143","10-A2-9b","DOPE","Cholesterol","PEG2000",35,16,46.5,2.5,1,"Row23"
13166,"LNP_0013166","LX_2024","LX_2024_F145","10-A2-9b2","CCCCC(CC)CCC(=O)Oc1cc(CNCCCN2CCN(C)CC2)cc(OC(=O)CCC(CC)CCCC)c1","CCCCC(CC)CCC(=O)Oc1cc(CNCCCN2CC[N+](C)([H])CC2)cc(OC(=O)CCC(CC)CCCC)c1",10,"CN1CCN(CCCN)CC1",,,"A2_T9b2","CCCCC(CC)CCC(=O)OC1=CC(=CC(=C1)OC(=O)CCC(CC)CCCC)C=O",,,,,,,35,10,,"DOPE","[H][C@@](COP([O-])(OCC[NH3+])=O)(OC(CCCCCCC/C=C\\CCCCCCCC)=O)COC(CCCCCCC/C=C\\CCCCCCCC)=O",16,"Cholesterol","C[C@H](CCCC(C)C)[C@H]1CC[C@@H]2[C@@]1(CC[C@H]3[C@H]2CC=C4[C@@]3(CC[C@@H](C4)O)C)C",46.5,"PEG2000","CCCCCCCCCCCCCC(=O)OCC(COP(=O)(OCCNCC(=O)OCCOCCOCCOCCOCCOCCOCCOCCOCCOCCOCCOCCOCCOCCOCCOCCOCCOCCOCCOCCOCCOCCOCCOCCOCCOCCOCCOCCOCCOCCOCCOCCOCCOCCOCCOCCOCCOCCOCCOCCOCCOCCOCCOC)O)OC(=O)CCCCCCCCCCCCC",2.5,,,0,"citrate",,"handmixed","in_vitro","HeLa","in_vitro","in_vitro","mRNA","FLuc",0.01,"luminescence_normalized","individual",-0.849474568,"https://www.nature.com/articles/s41467-024-45422-9",38424061,42,2,1,22,587.4662074,71.11,1,7,7.2177,173.0527,0.771428571,2,3,587.89,"True","False","False","10","A2","T9b2","Row144","10-A2-9b2","DOPE","Cholesterol","PEG2000",35,16,46.5,2.5,1,"Row24"
13168,"LNP_0013168","LX_2024","LX_2024_F147","10-A3-7b","CCCCCC(C)C(=O)Oc1cc(OC(=O)C(C)CCCCC)c(CNCCCN2CCN(C)CC2)c(OC(=O)C(C)CCCCC)c1","CCCCCC(C)C(=O)Oc1cc(OC(=O)C(C)CCCCC)c(CNCCCN2CC[N+](C)([H])CC2)c(OC(=O)C(C)CCCCC)c1",10,"CN1CCN(CCCN)CC1",,,"A3_T7b","CCCCCC(C)C(=O)OC1=CC(=C(C=O)C(=C1)OC(=O)C(C)CCCCC)OC(=O)C(C)CCCCC",,,,,,,35,10,,"DOPE","[H][C@@](COP([O-])(OCC[NH3+])=O)(OC(CCCCCCC/C=C\\CCCCCCCC)=O)COC(CCCCCCC/C=C\\CCCCCCCC)=O",16,"Cholesterol","C[C@H](CCCC(C)C)[C@H]1CC[C@@H]2[C@@]1(CC[C@H]3[C@H]2CC=C4[C@@]3(CC[C@@H](C4)O)C)C",46.5,"PEG2000","CCCCCCCCCCCCCC(=O)OCC(COP(=O)(OCCNCC(=O)OCCOCCOCCOCCOCCOCCOCCOCCOCCOCCOCCOCCOCCOCCOCCOCCOCCOCCOCCOCCOCCOCCOCCOCCOCCOCCOCCOCCOCCOCCOCCOCCOCCOCCOCCOCCOCCOCCOCCOCCOCCOCCOCCOC)O)OC(=O)CCCCCCCCCCCCC",2.5,,,0,"citrate",,"handmixed","in_vitro","HeLa","in_vitro","in_vitro","mRNA","FLuc",0.01,"luminescence_normalized","individual",-0.344210077,"https://www.nature.com/articles/s41467-024-45422-9",38424061,48,2,1,24,673.5029869,97.41,1,9,7.7791,193.5257,0.769230769,3,3,673.98,"True","False","False","10","A3","T7b","Row146","10-A3-7b","DOPE","Cholesterol","PEG2000",35,16,46.5,2.5,1,"Row26"
13169,"LNP_0013169","LX_2024","LX_2024_F148","10-A3-7b2","CCCCC(CC)C(=O)Oc1cc(OC(=O)C(CC)CCCC)c(CNCCCN2CCN(C)CC2)c(OC(=O)C(CC)CCCC)c1","CCCCC(CC)C(=O)Oc1cc(OC(=O)C(CC)CCCC)c(CNCCCN2CC[N+](C)([H])CC2)c(OC(=O)C(CC)CCCC)c1",10,"CN1CCN(CCCN)CC1",,,"A3_T7b2","CCCCC(CC)C(=O)OC1=CC(OC(=O)C(CC)CCCC)=C(C=O)C(OC(=O)C(CC)CCCC)=C1",,,,,,,35,10,,"DOPE","[H][C@@](COP([O-])(OCC[NH3+])=O)(OC(CCCCCCC/C=C\\CCCCCCCC)=O)COC(CCCCCCC/C=C\\CCCCCCCC)=O",16,"Cholesterol","C[C@H](CCCC(C)C)[C@H]1CC[C@@H]2[C@@]1(CC[C@H]3[C@H]2CC=C4[C@@]3(CC[C@@H](C4)O)C)C",46.5,"PEG2000","CCCCCCCCCCCCCC(=O)OCC(COP(=O)(OCCNCC(=O)OCCOCCOCCOCCOCCOCCOCCOCCOCCOCCOCCOCCOCCOCCOCCOCCOCCOCCOCCOCCOCCOCCOCCOCCOCCOCCOCCOCCOCCOCCOCCOCCOCCOCCOCCOCCOCCOCCOCCOCCOCCOCCOCCOC)O)OC(=O)CCCCCCCCCCCCC",2.5,,,0,"citrate",,"handmixed","in_vitro","HeLa","in_vitro","in_vitro","mRNA","FLuc",0.01,"luminescence_normalized","individual",0.241030093,"https://www.nature.com/articles/s41467-024-45422-9",38424061,48,2,1,24,673.5029869,97.41,1,9,7.7791,193.5257,0.769230769,3,3,673.98,"True","False","False","10","A3","T7b2","Row147","10-A3-7b2","DOPE","Cholesterol","PEG2000",35,16,46.5,2.5,1,"Row27"
13170,"LNP_0013170","LX_2024","LX_2024_F149","10-A3-8b","CCCCC(C)CCC(=O)Oc1cc(OC(=O)CCC(C)CCCC)c(CNCCCN2CCN(C)CC2)c(OC(=O)CCC(C)CCCC)c1","CCCCC(C)CCC(=O)Oc1cc(OC(=O)CCC(C)CCCC)c(CNCCCN2CC[N+](C)([H])CC2)c(OC(=O)CCC(C)CCCC)c1",10,"CN1CCN(CCCN)CC1",,,"A3_T8b","CCCCC(C)CCC(=O)OC1=CC(=C(C=O)C(=C1)OC(=O)CCC(C)CCCC)OC(=O)CCC(C)CCCC",,,,,,,35,10,,"DOPE","[H][C@@](COP([O-])(OCC[NH3+])=O)(OC(CCCCCCC/C=C\\CCCCCCCC)=O)COC(CCCCCCC/C=C\\CCCCCCCC)=O",16,"Cholesterol","C[C@H](CCCC(C)C)[C@H]1CC[C@@H]2[C@@]1(CC[C@H]3[C@H]2CC=C4[C@@]3(CC[C@@H](C4)O)C)C",46.5,"PEG2000","CCCCCCCCCCCCCC(=O)OCC(COP(=O)(OCCNCC(=O)OCCOCCOCCOCCOCCOCCOCCOCCOCCOCCOCCOCCOCCOCCOCCOCCOCCOCCOCCOCCOCCOCCOCCOCCOCCOCCOCCOCCOCCOCCOCCOCCOCCOCCOCCOCCOCCOCCOCCOCCOCCOCCOCCOC)O)OC(=O)CCCCCCCCCCCCC",2.5,,,0,"citrate",,"handmixed","in_vitro","HeLa","in_vitro","in_vitro","mRNA","FLuc",0.01,"luminescence_normalized","individual",0.105932199,"https://www.nature.com/articles/s41467-024-45422-9",38424061,51,2,1,27,715.5499371,97.41,1,9,8.9494,207.3767,0.785714286,3,3,716.061,"True","False","False","10","A3","T8b","Row148","10-A3-8b","DOPE","Cholesterol","PEG2000",35,16,46.5,2.5,1,"Row28"
13172,"LNP_0013172","LX_2024","LX_2024_F151","11-A2-6","CCCCCCC(=O)Oc1cc(CNCCCNCc2cc(OC(=O)CCCCCC)cc(OC(=O)CCCCCC)c2)cc(OC(=O)CCCCCC)c1","CCCCCCC(=O)Oc1cc(C[NH+](CCCNCc2cc(OC(=O)CCCCCC)cc(OC(=O)CCCCCC)c2)[H])cc(OC(=O)CCCCCC)c1",11,"C(CN)CN",,,"A2_T6","CCCCCCC(=O)OC1=CC(C=O)=CC(OC(=O)CCCCCC)=C1",,,,,,,35,10,,"DOPE","[H][C@@](COP([O-])(OCC[NH3+])=O)(OC(CCCCCCC/C=C\\CCCCCCCC)=O)COC(CCCCCCC/C=C\\CCCCCCCC)=O",16,"Cholesterol","C[C@H](CCCC(C)C)[C@H]1CC[C@@H]2[C@@]1(CC[C@H]3[C@H]2CC=C4[C@@]3(CC[C@@H](C4)O)C)C",46.5,"PEG2000","CCCCCCCCCCCCCC(=O)OCC(COP(=O)(OCCNCC(=O)OCCOCCOCCOCCOCCOCCOCCOCCOCCOCCOCCOCCOCCOCCOCCOCCOCCOCCOCCOCCOCCOCCOCCOCCOCCOCCOCCOCCOCCOCCOCCOCCOCCOCCOCCOCCOCCOCCOCCOCCOCCOCCOCCOC)O)OC(=O)CCCCCCCCCCCCC",2.5,,,0,"citrate",,"handmixed","in_vitro","HeLa","in_vitro","in_vitro","mRNA","FLuc",0.01,"luminescence_normalized","individual",-0.233420341,"https://www.nature.com/articles/s41467-024-45422-9",38424061,55,2,2,32,766.5132172,129.26,2,10,10.4593,218.4904,0.644444444,0,2,767.061,"True","False","False","11","A2","T6","Row150","11-A2-6","DOPE","Cholesterol","PEG2000",35,16,46.5,2.5,1,"Row30"
13177,"LNP_0013177","LX_2024","LX_2024_F156","11-A2-8","CCCCCCCCC(=O)Oc1cc(CNCCCNCc2cc(OC(=O)CCCCCCCC)cc(OC(=O)CCCCCCCC)c2)cc(OC(=O)CCCCCCCC)c1","CCCCCCCCC(=O)Oc1cc(C[NH+](CCCNCc2cc(OC(=O)CCCCCCCC)cc(OC(=O)CCCCCCCC)c2)[H])cc(OC(=O)CCCCCCCC)c1",11,"C(CN)CN",,,"A2_T8","CCCCCCCCC(=O)OC1=CC(=CC(=C1)OC(=O)CCCCCCCC)C=O",,,,,,,35,10,,"DOPE","[H][C@@](COP([O-])(OCC[NH3+])=O)(OC(CCCCCCC/C=C\\CCCCCCCC)=O)COC(CCCCCCC/C=C\\CCCCCCCC)=O",16,"Cholesterol","C[C@H](CCCC(C)C)[C@H]1CC[C@@H]2[C@@]1(CC[C@H]3[C@H]2CC=C4[C@@]3(CC[C@@H](C4)O)C)C",46.5,"PEG2000","CCCCCCCCCCCCCC(=O)OCC(COP(=O)(OCCNCC(=O)OCCOCCOCCOCCOCCOCCOCCOCCOCCOCCOCCOCCOCCOCCOCCOCCOCCOCCOCCOCCOCCOCCOCCOCCOCCOCCOCCOCCOCCOCCOCCOCCOCCOCCOCCOCCOCCOCCOCCOCCOCCOCCOCCOC)O)OC(=O)CCCCCCCCCCCCC",2.5,,,0,"citrate",,"handmixed","in_vitro","HeLa","in_vitro","in_vitro","mRNA","FLuc",0.01,"luminescence_normalized","individual",-1.614756485,"https://www.nature.com/articles/s41467-024-45422-9",38424061,63,2,2,40,878.6384177,129.26,2,10,13.5801,255.4264,0.698113208,0,2,879.277,"True","False","False","11","A2","T8","Row155","11-A2-8","DOPE","Cholesterol","PEG2000",35,16,46.5,2.5,1,"Row35"
13179,"LNP_0013179","LX_2024","LX_2024_F158","11-A2-9","CCCCCCCCCC(=O)Oc1cc(CNCCCNCc2cc(OC(=O)CCCCCCCCC)cc(OC(=O)CCCCCCCCC)c2)cc(OC(=O)CCCCCCCCC)c1","CCCCCCCCCC(=O)Oc1cc(C[NH+](CCCNCc2cc(OC(=O)CCCCCCCCC)cc(OC(=O)CCCCCCCCC)c2)[H])cc(OC(=O)CCCCCCCCC)c1",11,"C(CN)CN",,,"A2_T9","CCCCCCCCCC(=O)OC1=CC(C=O)=CC(OC(=O)CCCCCCCCC)=C1",,,,,,,35,10,,"DOPE","[H][C@@](COP([O-])(OCC[NH3+])=O)(OC(CCCCCCC/C=C\\CCCCCCCC)=O)COC(CCCCCCC/C=C\\CCCCCCCC)=O",16,"Cholesterol","C[C@H](CCCC(C)C)[C@H]1CC[C@@H]2[C@@]1(CC[C@H]3[C@H]2CC=C4[C@@]3(CC[C@@H](C4)O)C)C",46.5,"PEG2000","CCCCCCCCCCCCCC(=O)OCC(COP(=O)(OCCNCC(=O)OCCOCCOCCOCCOCCOCCOCCOCCOCCOCCOCCOCCOCCOCCOCCOCCOCCOCCOCCOCCOCCOCCOCCOCCOCCOCCOCCOCCOCCOCCOCCOCCOCCOCCOCCOCCOCCOCCOCCOCCOCCOCCOCCOC)O)OC(=O)CCCCCCCCCCCCC",2.5,,,0,"citrate",,"handmixed","in_vitro","HeLa","in_vitro","in_vitro","mRNA","FLuc",0.01,"luminescence_normalized","individual",-0.828423181,"https://www.nature.com/articles/s41467-024-45422-9",38424061,67,2,2,44,934.701018,129.26,2,10,15.1405,273.8944,0.719298246,0,2,935.385,"True","False","False","11","A2","T9","Row157","11-A2-9","DOPE","Cholesterol","PEG2000",35,16,46.5,2.5,1,"Row37"
13277,"LNP_0013277","LX_2024","LX_2024_F256","6-A2-7b2","CCCCC(CC)C(=O)Oc1cc(CNCCCN(C)C)cc(OC(=O)C(CC)CCCC)c1","CCCCC(CC)C(=O)Oc1cc(CNCCC[N+](C)(C)[H])cc(OC(=O)C(CC)CCCC)c1",6,"CN(C)CCCN",,,"A2_T7b2","CCCCC(CC)C(=O)OC1=CC(=CC(=C1)OC(=O)C(CC)CCCC)C=O",,,,,,,35,10,,"DOPE","[H][C@@](COP([O-])(OCC[NH3+])=O)(OC(CCCCCCC/C=C\\CCCCCCCC)=O)COC(CCCCCCC/C=C\\CCCCCCCC)=O",16,"Cholesterol","C[C@H](CCCC(C)C)[C@H]1CC[C@@H]2[C@@]1(CC[C@H]3[C@H]2CC=C4[C@@]3(CC[C@@H](C4)O)C)C",46.5,"PEG2000","CCCCCCCCCCCCCC(=O)OCC(COP(=O)(OCCNCC(=O)OCCOCCOCCOCCOCCOCCOCCOCCOCCOCCOCCOCCOCCOCCOCCOCCOCCOCCOCCOCCOCCOCCOCCOCCOCCOCCOCCOCCOCCOCCOCCOCCOCCOCCOCCOCCOCCOCCOCCOCCOCCOCCOCCOC)O)OC(=O)CCCCCCCCCCCCC",2.5,,,0,"citrate","PBS","handmixed","in_vivo","Mouse_B6","heart","intravenous","mRNA","DNA_barcode",5,"uptake","barcoded",1.194230951,"https://www.nature.com/articles/s41467-024-45422-9",38424061,34,1,1,18,476.361408,67.87,1,6,5.9715,139.2017,0.714285714,2,2,476.702,"True","False","False","6","A2","T7b2","Row255","6-A2-7b2","DOPE","Cholesterol","PEG2000",35,16,46.5,2.5,8,"Row120"
13373,"LNP_0013373","LX_2024","LX_2024_F352","6-A2-7b2","CCCCC(CC)C(=O)Oc1cc(CNCCCN(C)C)cc(OC(=O)C(CC)CCCC)c1","CCCCC(CC)C(=O)Oc1cc(CNCCC[N+](C)(C)[H])cc(OC(=O)C(CC)CCCC)c1",6,"CN(C)CCCN",,,"A2_T7b2","CCCCC(CC)C(=O)OC1=CC(=CC(=C1)OC(=O)C(CC)CCCC)C=O",,,,,,,35,10,,"DOPE","[H][C@@](COP([O-])(OCC[NH3+])=O)(OC(CCCCCCC/C=C\\CCCCCCCC)=O)COC(CCCCCCC/C=C\\CCCCCCCC)=O",16,"Cholesterol","C[C@H](CCCC(C)C)[C@H]1CC[C@@H]2[C@@]1(CC[C@H]3[C@H]2CC=C4[C@@]3(CC[C@@H](C4)O)C)C",46.5,"PEG2000","CCCCCCCCCCCCCC(=O)OCC(COP(=O)(OCCNCC(=O)OCCOCCOCCOCCOCCOCCOCCOCCOCCOCCOCCOCCOCCOCCOCCOCCOCCOCCOCCOCCOCCOCCOCCOCCOCCOCCOCCOCCOCCOCCOCCOCCOCCOCCOCCOCCOCCOCCOCCOCCOCCOCCOCCOC)O)OC(=O)CCCCCCCCCCCCC",2.5,,,0,"citrate","PBS","handmixed","in_vivo","Mouse_B6","lung","intravenous","mRNA","DNA_barcode",5,"uptake","barcoded",-1.212453432,"https://www.nature.com/articles/s41467-024-45422-9",38424061,34,1,1,18,476.361408,67.87,1,6,5.9715,139.2017,0.714285714,2,2,476.702,"True","False","False","6","A2","T7b2","Row351","6-A2-7b2","DOPE","Cholesterol","PEG2000",35,16,46.5,2.5,8,"Row120"
13469,"LNP_0013469","LX_2024","LX_2024_F448","6-A2-7b2","CCCCC(CC)C(=O)Oc1cc(CNCCCN(C)C)cc(OC(=O)C(CC)CCCC)c1","CCCCC(CC)C(=O)Oc1cc(CNCCC[N+](C)(C)[H])cc(OC(=O)C(CC)CCCC)c1",6,"CN(C)CCCN",,,"A2_T7b2","CCCCC(CC)C(=O)OC1=CC(=CC(=C1)OC(=O)C(CC)CCCC)C=O",,,,,,,35,10,,"DOPE","[H][C@@](COP([O-])(OCC[NH3+])=O)(OC(CCCCCCC/C=C\\CCCCCCCC)=O)COC(CCCCCCC/C=C\\CCCCCCCC)=O",16,"Cholesterol","C[C@H](CCCC(C)C)[C@H]1CC[C@@H]2[C@@]1(CC[C@H]3[C@H]2CC=C4[C@@]3(CC[C@@H](C4)O)C)C",46.5,"PEG2000","CCCCCCCCCCCCCC(=O)OCC(COP(=O)(OCCNCC(=O)OCCOCCOCCOCCOCCOCCOCCOCCOCCOCCOCCOCCOCCOCCOCCOCCOCCOCCOCCOCCOCCOCCOCCOCCOCCOCCOCCOCCOCCOCCOCCOCCOCCOCCOCCOCCOCCOCCOCCOCCOCCOCCOCCOC)O)OC(=O)CCCCCCCCCCCCC",2.5,,,0,"citrate","PBS","handmixed","in_vivo","Mouse_B6","kidney","intravenous","mRNA","DNA_barcode",5,"uptake","barcoded",0.803107909,"https://www.nature.com/articles/s41467-024-45422-9",38424061,34,1,1,18,476.361408,67.87,1,6,5.9715,139.2017,0.714285714,2,2,476.702,"True","False","False","6","A2","T7b2","Row447","6-A2-7b2","DOPE","Cholesterol","PEG2000",35,16,46.5,2.5,8,"Row120"
13564,"LNP_0013564","LX_2024","LX_2024_F543","6-A2-7b2","CCCCC(CC)C(=O)Oc1cc(CNCCCN(C)C)cc(OC(=O)C(CC)CCCC)c1","CCCCC(CC)C(=O)Oc1cc(CNCCC[N+](C)(C)[H])cc(OC(=O)C(CC)CCCC)c1",6,"CN(C)CCCN",,,"A2_T7b2","CCCCC(CC)C(=O)OC1=CC(=CC(=C1)OC(=O)C(CC)CCCC)C=O",,,,,,,35,10,,"DOPE","[H][C@@](COP([O-])(OCC[NH3+])=O)(OC(CCCCCCC/C=C\\CCCCCCCC)=O)COC(CCCCCCC/C=C\\CCCCCCCC)=O",16,"Cholesterol","C[C@H](CCCC(C)C)[C@H]1CC[C@@H]2[C@@]1(CC[C@H]3[C@H]2CC=C4[C@@]3(CC[C@@H](C4)O)C)C",46.5,"PEG2000","CCCCCCCCCCCCCC(=O)OCC(COP(=O)(OCCNCC(=O)OCCOCCOCCOCCOCCOCCOCCOCCOCCOCCOCCOCCOCCOCCOCCOCCOCCOCCOCCOCCOCCOCCOCCOCCOCCOCCOCCOCCOCCOCCOCCOCCOCCOCCOCCOCCOCCOCCOCCOCCOCCOCCOCCOC)O)OC(=O)CCCCCCCCCCCCC",2.5,,,0,"citrate","PBS","handmixed","in_vivo","Mouse_B6","spleen","intravenous","mRNA","DNA_barcode",5,"uptake","barcoded",1.164624142,"https://www.nature.com/articles/s41467-024-45422-9",38424061,34,1,1,18,476.361408,67.87,1,6,5.9715,139.2017,0.714285714,2,2,476.702,"True","False","False","6","A2","T7b2","Row542","6-A2-7b2","DOPE","Cholesterol","PEG2000",35,16,46.5,2.5,8,"Row120"
13660,"LNP_0013660","LX_2024","LX_2024_F639","6-A2-7b2","CCCCC(CC)C(=O)Oc1cc(CNCCCN(C)C)cc(OC(=O)C(CC)CCCC)c1","CCCCC(CC)C(=O)Oc1cc(CNCCC[N+](C)(C)[H])cc(OC(=O)C(CC)CCCC)c1",6,"CN(C)CCCN",,,"A2_T7b2","CCCCC(CC)C(=O)OC1=CC(=CC(=C1)OC(=O)C(CC)CCCC)C=O",,,,,,,35,10,,"DOPE","[H][C@@](COP([O-])(OCC[NH3+])=O)(OC(CCCCCCC/C=C\\CCCCCCCC)=O)COC(CCCCCCC/C=C\\CCCCCCCC)=O",16,"Cholesterol","C[C@H](CCCC(C)C)[C@H]1CC[C@@H]2[C@@]1(CC[C@H]3[C@H]2CC=C4[C@@]3(CC[C@@H](C4)O)C)C",46.5,"PEG2000","CCCCCCCCCCCCCC(=O)OCC(COP(=O)(OCCNCC(=O)OCCOCCOCCOCCOCCOCCOCCOCCOCCOCCOCCOCCOCCOCCOCCOCCOCCOCCOCCOCCOCCOCCOCCOCCOCCOCCOCCOCCOCCOCCOCCOCCOCCOCCOCCOCCOCCOCCOCCOCCOCCOCCOCCOC)O)OC(=O)CCCCCCCCCCCCC",2.5,,,0,"citrate","PBS","handmixed","in_vivo","Mouse_B6","liver","intravenous","mRNA","DNA_barcode",5,"uptake","barcoded",-0.45940105,"https://www.nature.com/articles/s41467-024-45422-9",38424061,34,1,1,18,476.361408,67.87,1,6,5.9715,139.2017,0.714285714,2,2,476.702,"True","False","False","6","A2","T7b2","Row638","6-A2-7b2","DOPE","Cholesterol","PEG2000",35,16,46.5,2.5,8,"Row120"
13756,"LNP_0013756","LX_2024","LX_2024_F735","6-A2-7b2","CCCCC(CC)C(=O)Oc1cc(CNCCCN(C)C)cc(OC(=O)C(CC)CCCC)c1","CCCCC(CC)C(=O)Oc1cc(CNCCC[N+](C)(C)[H])cc(OC(=O)C(CC)CCCC)c1",6,"CN(C)CCCN",,,"A2_T7b2","CCCCC(CC)C(=O)OC1=CC(=CC(=C1)OC(=O)C(CC)CCCC)C=O",,,,,,,35,10,,"DOPE","[H][C@@](COP([O-])(OCC[NH3+])=O)(OC(CCCCCCC/C=C\\CCCCCCCC)=O)COC(CCCCCCC/C=C\\CCCCCCCC)=O",16,"Cholesterol","C[C@H](CCCC(C)C)[C@H]1CC[C@@H]2[C@@]1(CC[C@H]3[C@H]2CC=C4[C@@]3(CC[C@@H](C4)O)C)C",46.5,"PEG2000","CCCCCCCCCCCCCC(=O)OCC(COP(=O)(OCCNCC(=O)OCCOCCOCCOCCOCCOCCOCCOCCOCCOCCOCCOCCOCCOCCOCCOCCOCCOCCOCCOCCOCCOCCOCCOCCOCCOCCOCCOCCOCCOCCOCCOCCOCCOCCOCCOCCOCCOCCOCCOCCOCCOCCOCCOC)O)OC(=O)CCCCCCCCCCCCC",2.5,,,0,"citrate","PBS","handmixed","in_vivo","Mouse_B6","multiorgan","intravenous","mRNA","DNA_barcode",5,"diameter","individual",143.63,"https://www.nature.com/articles/s41467-024-45422-9",38424061,34,1,1,18,476.361408,67.87,1,6,5.9715,139.2017,0.714285714,2,2,476.702,"True","False","False","6","A2","T7b2","Row734","6-A2-7b2","DOPE","Cholesterol","PEG2000",35,16,46.5,2.5,8,"Row120"
13852,"LNP_0013852","LX_2024","LX_2024_F831","6-A2-7b2","CCCCC(CC)C(=O)Oc1cc(CNCCCN(C)C)cc(OC(=O)C(CC)CCCC)c1","CCCCC(CC)C(=O)Oc1cc(CNCCC[N+](C)(C)[H])cc(OC(=O)C(CC)CCCC)c1",6,"CN(C)CCCN",,,"A2_T7b2","CCCCC(CC)C(=O)OC1=CC(=CC(=C1)OC(=O)C(CC)CCCC)C=O",,,,,,,35,10,,"DOPE","[H][C@@](COP([O-])(OCC[NH3+])=O)(OC(CCCCCCC/C=C\\CCCCCCCC)=O)COC(CCCCCCC/C=C\\CCCCCCCC)=O",16,"Cholesterol","C[C@H](CCCC(C)C)[C@H]1CC[C@@H]2[C@@]1(CC[C@H]3[C@H]2CC=C4[C@@]3(CC[C@@H](C4)O)C)C",46.5,"PEG2000","CCCCCCCCCCCCCC(=O)OCC(COP(=O)(OCCNCC(=O)OCCOCCOCCOCCOCCOCCOCCOCCOCCOCCOCCOCCOCCOCCOCCOCCOCCOCCOCCOCCOCCOCCOCCOCCOCCOCCOCCOCCOCCOCCOCCOCCOCCOCCOCCOCCOCCOCCOCCOCCOCCOCCOCCOC)O)OC(=O)CCCCCCCCCCCCC",2.5,,,0,"citrate","PBS","handmixed","in_vivo","Mouse_B6","multiorgan","intravenous","mRNA","DNA_barcode",5,"zeta_potential","individual",3.32,"https://www.nature.com/articles/s41467-024-45422-9",38424061,34,1,1,18,476.361408,67.87,1,6,5.9715,139.2017,0.714285714,2,2,476.702,"True","False","False","6","A2","T7b2","Row830","6-A2-7b2","DOPE","Cholesterol","PEG2000",35,16,46.5,2.5,8,"Row120"
